1xGH,1goalH,2xGH,2goalH,3xGH,3goalH,4xGH,4goalH,5xGH,5goalH,xGH,goalH,1xGG,1goalG,2xGG,2goalG,3xGG,3goalG,4xGG,4goalG,5xGG,5goalG,xGG,goalG,1xGAH,1LH,2xGAH,2LH,3xGAH,3LH,4xGAH,4LH,5xGAH,5LH,xGAH,LH,1xGAG,1LG,2xGAG,2LG,3xGAG,3LG,4xGAG,4LG,5xGAG,5LG,xGAG,LG,RestD,history,ValueH,ValueG,result
0.3,1,1.6,1,1.8,2,1.5,2,1.5,1,1.34,1.4,0.8,2,3.3,4,3,3,2.1,1,2.1,2,2.26,2.4,1.8,0,2.2,1,1.2,1,1.2,1,2.2,3,1.72,1.2,1,0,0.3,1,0.7,1,1,1,0.7,2,0.74,1,4,4,677.53,1360,0
1.6,2,0.5,0,2.8,3,1,1,0.8,1,1.34,1.4,2.3,1,1.4,2,0.7,1,0.8,1,0.9,0,1.22,1,1.2,1,2.5,2,1.5,1,2.1,2,3.5,3,2.16,1.8,2,2,1.3,0,3,3,1.5,1,2.2,3,2,1.8,4,9,427.85,400.7,0
0.5,0,1,0,1.8,2,0.9,2,1.1,1,1.06,1,1.2,1,1.3,0,0.5,1,2.5,2,1,0,1.3,0.8,1.4,3,2.4,4,2.4,3,2.1,3,0.7,1,1.8,2.8,1.6,2,1.4,2,2.4,1,1.2,2,1.6,0,1.64,1.4,6,11,363.23,526.85,1
1.2,2,0.9,2,2.1,1,0.7,1,0.7,2,1.12,1.6,1,1,0.6,1,0.4,1,1.2,2,0.7,1,0.78,1.2,0.5,0,1.2,0,1.7,1,0.7,0,2.1,2,1.24,0.6,1.2,1,1.8,2,1.4,2,2.5,2,1.1,1,1.6,1.6,-1,10,1160,253.35,2
1,0,1.6,6,2.4,1,0.8,1,2.2,3,1.6,2.2,1.4,3,2.1,2,1.7,1,1.6,0,1,2,1.56,1.6,0.8,2,1.9,2,0.5,1,1.7,0,0.9,0,1.16,1,0.5,0,1.4,1,2.1,1,0.3,0,1.4,2,1.14,0.8,-3,8,1190,667.58,2
1.3,1,2.2,1,1,1,0.4,1,1.4,2,1.26,1.2,0.4,0,1.8,2,0.9,1,1.5,1,2.2,3,1.36,1.4,1.2,1,0.1,0,0.7,1,0.9,0,1,2,0.78,0.8,2.4,1,0.6,1,0.4,1,0.8,1,1.5,1,1.14,1,-1,3,481.3,362.35,-1
0.5,0,1.9,2,0.7,1,1.2,1,0.5,1,0.96,1,2.6,2,2.5,2,1.8,3,0.9,0,2,3,1.96,2,1.2,2,1.6,6,1,1,1.5,1,1.7,3,1.4,2.6,0.5,0,0.5,0,1.4,0,0.4,1,1.1,0,0.78,0.2,5,3,433.05,950.95,-1
0.5,0,0.3,1,0.4,1,0.3,0,1.6,1,0.62,0.6,2,2,1.2,0,1.4,2,2.1,3,1.7,3,1.68,2,2.6,2,3.3,4,0.9,1,1.6,0,2.4,1,2.16,1.6,2.3,1,0.9,2,0.4,1,0.9,2,0.5,1,1,1.4,4,3,270.1,680.55,0
2.4,1,1.4,1,1.4,0,2.6,3,1.6,0,1.88,1,1.2,1,2.4,4,1.2,1,0.7,0,3.5,3,1.8,1.8,0.4,0,2.1,2,1.8,3,1.1,0,1,0,1.28,1,1,1,1,0,1.8,2,0.7,1,0.8,1,1.06,1,1,10,825,777.3,-3
1.2,1,2.2,1,2.4,3,1.7,0,1.1,0,1.72,1,1.8,0,0.1,0,1.5,1,1.1,0,2.4,1,1.38,0.4,1.3,1,1.6,1,1.8,2,0.8,1,2,3,1.5,1.6,0.3,1,2.2,1,2.8,3,2.6,3,1.6,1,1.9,1.8,0,2,518.6,310.05,2
1.3,0,0.5,1,2.5,2,1,0,0.9,1,1.24,0.8,2.5,2,1.8,3,0.9,0,2,3,2.5,2,1.94,2,1.4,2,2.4,1,1.2,2,1.6,0,0.9,2,1.5,1.4,0.5,0,1.4,0,0.4,1,1.1,0,0.6,1,0.8,0.4,4,1,526.85,950.95,-1
0.5,0,2.8,3,1,1,0.8,1,0.4,1,1.1,1.2,1.9,2,0.7,1,1.2,1,0.5,1,0.6,1,0.98,1.2,2.5,2,1.5,1,2.1,2,3.5,3,1,1,2.12,1.8,1.6,6,1,1,1.5,1,1.7,3,2.5,2,1.66,2.6,0,3,427.85,433.05,2
0.6,1,0.4,1,1.2,2,0.7,1,0.3,2,0.64,1.4,2.2,1,2.4,3,1.7,0,1.1,0,1.3,3,1.74,1.4,1.8,2,1.4,2,2.5,2,1.1,1,4.4,4,2.24,2.2,1.6,1,1.8,2,0.8,1,2,3,0.6,1,1.36,1.6,3,8,253.35,518.6,1
3.3,4,3,3,2.1,1,2.1,2,0.9,1,2.28,2.2,1.8,2,0.9,1,1.5,1,2.2,3,1.3,1,1.54,1.6,0.3,1,0.7,1,1,1,0.7,2,1.6,1,0.86,1.2,0.6,1,0.4,1,0.8,1,1.5,1,0.8,0,0.82,0.8,-3,15,1360,362.35,1
1.4,2,0.7,1,0.8,1,0.9,0,1,1,0.96,1,0.3,1,0.4,1,0.3,0,1.6,1,1.2,2,0.76,1,1.3,0,3,3,1.5,1,2.2,3,0.4,1,1.68,1.6,3.3,4,0.9,1,1.6,0,2.4,1,0.8,2,1.8,1.6,1,5,400.7,270.1,3
0.9,2,2.1,1,0.7,1,0.7,2,4.4,4,1.76,2,0.1,0,1.5,1,1.1,0,2.4,1,0.6,1,1.14,0.6,1.2,0,1.7,1,0.7,0,2.1,2,0.3,2,1.2,1,2.2,1,2.8,3,2.6,3,1.6,1,1.3,3,2.1,2.2,0,9,1160,310.05,2
1,0,1.8,2,0.9,2,1.1,1,0.9,2,1.14,1.4,1.6,1,1.8,2,1.5,2,1.5,1,1.6,1,1.6,1.4,2.4,4,2.4,3,2.1,3,0.7,1,0.9,1,1.7,2.4,2.2,1,1.2,1,1.2,1,2.2,3,0.9,1,1.54,1.4,3,7,363.23,677.53,0
1.2,0,1.4,2,2.1,3,1.7,3,0.8,2,1.44,2,1.4,1,1.4,0,2.6,3,1.6,0,1,0,1.6,0.8,0.9,2,0.4,1,0.9,2,0.5,1,1.2,2,0.78,1.6,2.1,2,1.8,3,1.1,0,1,0,4.4,3,2.08,1.6,1,4,680.55,825,0
1.6,6,2.4,1,0.8,1,2.2,3,4.2,4,2.24,3,2.2,1,1,1,0.4,1,1.4,2,0.8,0,1.16,1,1.9,2,0.5,1,1.7,0,0.9,0,1.1,2,1.22,1,0.1,0,0.7,1,0.9,0,1,2,1.3,1,0.8,0.8,-5,10,1190,481.3,0
2.1,2,1.7,1,1.6,0,1,2,1.1,2,1.5,1.4,2.4,4,1.2,1,0.7,0,3.5,3,4.4,3,2.44,2.2,1.4,1,2.1,1,0.3,0,1.4,2,4.2,2,1.88,1.2,1,0,1.8,2,0.7,1,0.8,1,1,0,1.06,0.8,5,9,667.58,777.3,1
1.2,1,0.7,0,3.5,3,4.4,3,1.3,2,2.22,1.8,0.7,1,0.8,1,0.9,0,1,1,3.6,4,1.4,1.4,1.8,2,0.7,1,0.8,1,1,0,1.8,3,1.22,1.4,3,3,1.5,1,2.2,3,0.4,1,0.6,1,1.54,1.8,-1,9,777.3,400.7,3
0.9,1,1.5,1,2.2,3,1.3,1,2.6,2,1.7,1.6,1.4,2,2.1,3,1.7,3,0.8,2,0.5,0,1.3,2,0.4,1,0.8,1,1.5,1,0.8,0,1.6,3,1.02,1.2,0.4,1,0.9,2,0.5,1,1.2,2,0.6,0,0.72,1.2,1,6,362.35,680.55,-2
0.4,1,0.3,0,1.6,1,1.2,2,0.6,1,0.82,1,1.8,2,0.9,2,1.1,1,0.9,2,0.7,0,1.08,1.4,0.9,1,1.6,0,2.4,1,0.8,2,3.6,4,1.86,1.6,2.4,3,2.1,3,0.7,1,0.9,1,2.1,0,1.64,1.6,0,4,270.1,363.23,-2
1.5,1,1.1,0,2.4,1,0.6,1,0.6,1,1.24,0.8,0.4,1,1.2,2,0.7,1,0.3,2,0.8,1,0.68,1.4,2.8,3,2.6,3,1.6,1,1.3,3,2.8,3,2.22,2.6,1.4,2,2.5,2,1.1,1,4.4,4,2.1,0,2.3,1.8,0,5,310.05,253.35,-1
1.4,0,2.6,3,1.6,0,1,0,0.6,0,1.44,0.6,2.8,3,1,1,0.8,1,0.4,1,4.2,5,1.84,2.2,1.8,3,1.1,0,1,0,4.4,3,0.5,0,1.76,1.2,1.5,1,2.1,2,3.5,3,1,1,1,3,1.82,2,-1,13,825,427.85,1
1.8,2,1.5,2,1.5,1,1.6,1,2.1,0,1.7,1.2,1.7,1,1.6,0,1,2,1.1,2,1.8,3,1.44,1.6,1.2,1,1.2,1,2.2,3,0.9,1,0.7,0,1.24,1.2,2.1,1,0.3,0,1.4,2,4.2,2,1.3,2,1.86,1.4,0,10,677.53,667.58,-1
2.4,3,1.7,0,1.1,0,1.3,3,2.1,0,1.72,1.2,2.1,1,0.7,1,0.7,2,4.4,4,2.8,3,2.14,2.2,1.8,2,0.8,1,2,3,0.6,1,0.8,1,1.2,1.6,1.7,1,0.7,0,2.1,2,0.3,2,0.6,1,1.08,1.2,0,1,518.6,1160,2
0.7,1,1.2,1,0.5,1,0.6,1,1,3,0.8,1.4,3,3,2.1,1,2.1,2,0.9,1,1.6,3,1.94,2,1,1,1.5,1,1.7,3,2.5,2,4.2,5,2.18,2.4,0.7,1,1,1,0.7,2,1.6,1,2.6,2,1.32,1.4,0,6,433.05,1360,-1
1.8,3,0.9,0,2,3,2.5,2,1.4,1,1.72,1.8,2.4,1,0.8,1,2.2,3,4.2,4,2.3,1,2.38,2,1.4,0,0.4,1,1.1,0,0.6,1,0.6,0,0.82,0.4,0.5,1,1.7,0,0.9,0,1.1,2,0.9,1,1.02,0.8,1,8,950.95,1190,1
1,1,0.4,1,1.4,2,0.8,0,0.9,1,0.9,1,0.5,1,2.5,2,1,0,0.9,1,0.6,0,1.1,0.8,0.7,1,0.9,0,1,2,1.3,1,2.3,1,1.24,1,2.4,1,1.2,2,1.6,0,0.9,2,1.4,1,1.5,1.2,-1,8,481.3,526.85,1
1.2,2,0.7,1,0.3,2,0.8,1,3.1,3,1.22,1.8,0.4,1,1.4,2,0.8,0,0.9,1,1.7,1,1.04,1,2.5,2,1.1,1,4.4,4,2.1,0,2.1,2,2.44,1.8,0.9,0,1,2,1.3,1,2.3,1,1,0,1.3,0.8,2,8,253.35,481.3,-2
1.6,0,1,2,1.1,2,1.8,3,1.1,1,1.32,1.6,1.2,1,0.5,1,0.6,1,1,3,0.8,1,0.82,1.4,0.3,0,1.4,2,4.2,2,1.3,2,2,0,1.84,1.2,1.5,1,1.7,3,2.5,2,4.2,5,1.6,2,2.3,2.6,1,8,667.58,433.05,0
2.1,1,2.1,2,0.9,1,1.6,3,1.6,2,1.66,1.8,1.1,0,2.4,1,0.6,1,0.6,1,2.1,2,1.36,1,1,1,0.7,2,1.6,1,2.6,2,0.8,1,1.34,1.4,2.6,3,1.6,1,1.3,3,2.8,3,3.1,3,2.28,2.6,-4,13,1360,310.05,1
1,1,0.8,1,0.4,1,4.2,5,0.9,1,1.46,1.8,0.3,0,1.6,1,1.2,2,0.6,1,1.3,0,1,0.8,2.1,2,3.5,3,1,1,1,3,1.3,2,1.78,2.2,1.6,0,2.4,1,0.8,2,3.6,4,1.7,2,2.02,1.8,0,10,427.85,270.1,1
2.1,3,1.7,3,0.8,2,0.5,0,1.6,3,1.34,2.2,1.7,0,1.1,0,1.3,3,2.1,0,1.8,2,1.6,1,0.9,2,0.5,1,1.2,2,0.6,0,1.8,1,1,1.2,0.8,1,2,3,0.6,1,0.8,1,0.7,0,0.98,1.2,-3,9,680.55,518.6,0
0.9,2,1.1,1,0.9,2,0.7,0,1.7,2,1.06,1.4,1.5,1,2.2,3,1.3,1,2.6,2,1.8,1,1.88,1.6,2.1,3,0.7,1,0.9,1,2.1,0,1.3,0,1.42,1,0.8,1,1.5,1,0.8,0,1.6,3,1.6,3,1.26,1.6,0,3,363.23,362.35,0
0.8,1,0.9,0,1,1,3.6,4,0.8,1,1.42,1.4,2.6,3,1.6,0,1,0,0.6,0,1.3,2,1.42,1,1.5,1,2.2,3,0.4,1,0.6,1,1.9,4,1.32,2,1.1,0,1,0,4.4,3,0.5,0,0.9,1,1.58,0.8,5,9,400.7,825,1
0.8,1,2.2,3,4.2,4,2.3,1,1,1,2.1,2,1.5,2,1.5,1,1.6,1,2.1,0,2,0,1.74,0.8,1.7,0,0.9,0,1.1,2,0.9,1,1.9,2,1.3,1,1.2,1,2.2,3,0.9,1,0.7,0,1.1,1,1.22,1.2,-5,11,1190,677.53,1
2.5,2,1,0,0.9,1,0.6,0,1,0,1.2,0.6,0.7,0,3.5,3,4.4,3,1.3,2,1.9,4,2.36,2.4,1.2,2,1.6,0,0.9,2,1.4,1,1.7,1,1.36,1.2,0.7,1,0.8,1,1,0,1.8,3,0.8,1,1.02,1.2,3,5,526.85,777.3,1
0.7,1,0.7,2,4.4,4,2.8,3,0.7,0,1.86,2,0.9,0,2,3,2.5,2,1.4,1,1.9,2,1.74,1.6,0.7,0,2.1,2,0.3,2,0.6,1,1.8,2,1.1,1.4,0.4,1,1.1,0,0.6,1,0.6,0,1,1,0.74,0.6,1,6,1160,950.95,0
1.5,1,1.6,1,2.1,0,2,0,1.8,1,1.8,0.6,0.7,2,4.4,4,2.8,3,0.7,0,0.9,2,1.9,2.2,2.2,3,0.9,1,0.7,0,1.1,1,1.6,2,1.3,1.4,2.1,2,0.3,2,0.6,1,1.8,2,0.8,2,1.12,1.8,0,6,677.53,1160,1
2,3,2.5,2,1.4,1,1.9,2,0.8,2,1.72,2,1,2,1.1,2,1.8,3,1.1,1,1.3,2,1.26,2,1.1,0,0.6,1,0.6,0,1,1,0.9,2,0.84,0.8,1.4,2,4.2,2,1.3,2,2,0,1.3,2,2.04,1.6,0,8,950.95,667.58,1
2.4,1,0.6,1,0.6,1,2.1,2,0.2,0,1.18,1,1.1,1,0.9,2,0.7,0,1.7,2,0.8,1,1.04,1.2,1.6,1,1.3,3,2.8,3,3.1,3,2.9,1,2.34,2.2,0.7,1,0.9,1,2.1,0,1.3,0,1.2,1,1.24,0.6,-3,9,310.05,363.23,1
1.4,2,0.8,0,0.9,1,1.7,1,1.7,3,1.3,1.4,0.9,0,1,1,3.6,4,0.8,1,2.8,2,1.82,1.6,1,2,1.3,1,2.3,1,1,0,0.8,1,1.28,1,2.2,3,0.4,1,0.6,1,1.9,4,2.3,1,1.48,2,2,12,481.3,400.7,3
1.6,1,1.2,2,0.6,1,1.3,0,1.3,3,1.2,1.4,0.7,1,0.3,2,0.8,1,3.1,3,0.8,1,1.14,1.6,2.4,1,0.8,2,3.6,4,1.7,2,4,4,2.5,2.6,1.1,1,4.4,4,2.1,0,2.1,2,1.7,3,2.28,2,4,7,270.1,253.35,0
1.1,0,1.3,3,2.1,0,1.8,2,0.3,1,1.32,1.2,2.1,2,0.9,1,1.6,3,1.6,2,2.9,1,1.82,1.8,2,3,0.6,1,0.8,1,0.7,0,1.8,1,1.18,1.2,0.7,2,1.6,1,2.6,2,0.8,1,0.2,0,1.18,1.2,4,0,518.6,1360,1
0.5,1,0.6,1,1,3,0.8,1,1.3,2,0.84,1.6,1,0,0.9,1,0.6,0,1,0,0.8,1,0.86,0.4,1.7,3,2.5,2,4.2,5,1.6,2,1.3,2,2.26,2.8,1.6,0,0.9,2,1.4,1,1.7,1,0.7,0,1.26,0.8,4,9,433.05,526.85,0
3.5,3,4.4,3,1.3,2,1.9,4,0.7,0,2.36,2.4,1.7,3,0.8,2,0.5,0,1.6,3,1.8,1,1.28,1.8,0.8,1,1,0,1.8,3,0.8,1,0.8,1,1.04,1.2,0.5,1,1.2,2,0.6,0,1.8,1,0.3,1,0.88,1,0,6,777.3,680.55,3
1.6,0,1,0,0.6,0,1.3,2,2.3,1,1.36,0.6,2.2,3,4.2,4,2.3,1,1,1,1.6,2,2.26,2.2,1,0,4.4,3,0.5,0,0.9,1,2.8,2,1.92,1.2,0.9,0,1.1,2,0.9,1,1.9,2,1.8,1,1.32,1.2,0,8,825,1190,0
2.2,3,1.3,1,2.6,2,1.8,1,1.2,1,1.82,1.6,0.8,1,0.4,1,4.2,5,0.9,1,4,4,2.06,2.4,1.5,1,0.8,0,1.6,3,1.6,3,0.8,1,1.26,1.6,3.5,3,1,1,1,3,1.3,2,1.3,3,1.62,2.4,3,7,362.35,427.85,1
1,1,3.6,4,0.8,1,2.8,2,0.1,0,1.66,1.6,0.9,2,0.7,0,1.7,2,0.8,1,1.6,0,1.14,1,0.4,1,0.6,1,1.9,4,2.3,1,2.2,3,1.48,2,0.9,1,2.1,0,1.3,0,1.2,1,0.7,1,1.24,0.6,0,7,400.7,363.23,0
0.9,1,0.6,0,1,0,0.8,1,2.4,2,1.14,0.8,1.3,1,2.6,2,1.8,1,1.2,1,1.3,2,1.64,1.4,0.9,2,1.4,1,1.7,1,0.7,0,1.5,2,1.24,1.2,0.8,0,1.6,3,1.6,3,0.8,1,0.6,1,1.08,1.6,2,5,526.85,362.35,-2
0.6,1,1,3,0.8,1,1.3,2,1.5,2,1.04,1.8,0.6,1,0.6,1,2.1,2,0.2,0,0.7,1,0.84,1,2.5,2,4.2,5,1.6,2,1.3,2,2.4,2,2.4,2.6,1.3,3,2.8,3,3.1,3,2.9,1,1.6,0,2.34,2,0,8,433.05,310.05,2
0.4,1,4.2,5,0.9,1,4,4,0.6,1,2.02,2.4,1.3,3,2.1,0,1.8,2,0.3,1,2,2,1.5,1.6,1,1,1,3,1.3,2,1.3,3,1.3,2,1.18,2.2,0.6,1,0.8,1,0.7,0,1.8,1,1.6,1,1.1,0.8,-2,10,427.85,518.6,1
1.1,2,1.8,3,1.1,1,1.3,2,1,1,1.26,1.8,0.9,1,1.6,3,1.6,2,2.9,1,1.6,1,1.72,1.6,4.2,2,1.3,2,2,0,1.3,2,1.6,2,2.08,1.6,1.6,1,2.6,2,0.8,1,0.2,0,2,2,1.44,1.2,3,4,667.58,1360,1
2.5,2,1.4,1,1.9,2,0.8,2,1.6,2,1.64,1.8,0.8,2,0.5,0,1.6,3,1.8,1,1.8,1,1.3,1.4,0.6,1,0.6,0,1,1,0.9,2,1,1,0.82,1,1.2,2,0.6,0,1.8,1,0.3,1,2.4,4,1.26,1.6,1,12,950.95,680.55,2
4.4,3,1.3,2,1.9,4,0.7,0,2.4,4,2.14,2.6,1.2,2,0.6,1,1.3,0,1.3,3,1,1,1.08,1.4,1,0,1.8,3,0.8,1,0.8,1,1.8,1,1.24,1.2,0.8,2,3.6,4,1.7,2,4,4,1.5,1,2.32,2.6,-5,10,777.3,270.1,-1
0.8,0,0.9,1,1.7,1,1.7,3,2.2,3,1.46,1.6,1.6,1,2.1,0,2,0,1.8,1,0.5,1,1.6,0.6,1.3,1,2.3,1,1,0,0.8,1,0.1,0,1.1,0.6,0.9,1,0.7,0,1.1,1,1.6,2,1.1,0,1.08,0.8,0,6,481.3,677.53,-2
1,0,0.6,0,1.3,2,2.3,1,2,1,1.44,0.8,0.3,2,0.8,1,3.1,3,0.8,1,1.5,1,1.3,1.6,4.4,3,0.5,0,0.9,1,2.8,2,1.1,1,1.94,1.4,4.4,4,2.1,0,2.1,2,1.7,3,1,1,2.26,2,-5,10,825,253.35,3
4.2,4,2.3,1,1,1,1.6,2,1.1,1,2.04,1.8,4.4,4,2.8,3,0.7,0,0.9,2,1.1,0,1.98,1.8,1.1,2,0.9,1,1.9,2,1.8,1,2,1,1.54,1.4,0.3,2,0.6,1,1.8,2,0.8,2,0.5,1,0.8,1.6,-1,2,1190,1160,0
0.8,1,3.1,3,0.8,1,1.5,1,0.6,0,1.36,1.2,2.3,1,1,1,1.6,2,1.1,1,1.5,1,1.5,1.2,2.1,0,2.1,2,1.7,3,1,1,0.8,3,1.54,1.8,0.9,1,1.9,2,1.8,1,2,1,1.5,1,1.62,1.2,0,4,253.35,1190,-1
0.5,0,1.6,3,1.8,1,1.8,1,1.2,0,1.38,1,0.6,0,1,0,0.8,1,2.4,2,1.5,0,1.26,0.6,0.6,0,1.8,1,0.3,1,2.4,4,2,2,1.42,1.6,1.4,1,1.7,1,0.7,0,1.5,2,1.8,2,1.42,1.2,0,10,680.55,526.85,0
2.6,2,1.8,1,1.2,1,1.3,2,1.8,2,1.74,1.6,1,3,0.8,1,1.3,2,1.5,2,1.3,2,1.18,2,1.6,3,1.6,3,0.8,1,0.6,1,1.5,0,1.22,1.6,4.2,5,1.6,2,1.3,2,2.4,2,0.6,0,2.02,2.2,0,10,362.35,433.05,-3
2.1,0,1.8,2,0.3,1,2,2,2.6,2,1.76,1.4,1.8,3,1.1,1,1.3,2,1,1,2.3,2,1.5,1.8,0.8,1,0.7,0,1.8,1,1.6,1,1.5,3,1.28,1.2,1.3,2,2,0,1.3,2,1.6,2,2.1,1,1.66,1.4,0,9,518.6,667.58,-1
1,1,1.6,2,1.1,1,1.5,1,1.5,1,1.34,1.2,0.9,1,1.7,1,1.7,3,2.2,3,0.6,1,1.42,1.8,1.9,2,1.8,1,2,1,1.5,1,1.5,1,1.74,1.2,2.3,1,1,0,0.8,1,0.1,0,1.6,3,1.16,1,0,15,1160,481.3,3
0.7,0,1.7,2,0.8,1,1.6,0,1.1,0,1.18,0.6,4.2,5,0.9,1,4,4,0.6,1,1.5,3,2.24,2.8,2.1,0,1.3,0,1.2,1,0.7,1,0.8,0,1.22,0.4,1,3,1.3,2,1.3,3,1.3,2,2.6,2,1.5,2.4,0,9,363.23,427.85,0
1.6,3,1.6,2,2.9,1,1.6,1,2.1,1,1.96,1.6,1.3,2,1.9,4,0.7,0,2.4,4,1.5,1,1.56,2.2,2.6,2,0.8,1,0.2,0,2,2,2.3,2,1.58,1.4,1.8,3,0.8,1,0.8,1,1.8,1,1.6,2,1.36,1.6,1,10,1360,777.3,-4
0.6,1,2.1,2,0.2,0,0.7,1,0.6,0,0.84,0.8,1.4,1,1.9,2,0.8,2,1.6,2,2,2,1.54,1.8,2.8,3,3.1,3,2.9,1,1.6,0,1.3,2,2.34,1.8,0.6,0,1,1,0.9,2,1,1,1.2,0,0.94,0.8,0,4,310.05,950.95,-1
0.6,1,1.3,0,1.3,3,1,1,1.6,2,1.16,1.4,0.6,0,1.3,2,2.3,1,2,1,0.8,3,1.4,1.4,3.6,4,1.7,2,4,4,1.5,1,1.5,1,2.46,2.4,0.5,0,0.9,1,2.8,2,1.1,1,0.6,0,1.18,0.8,0,7,270.1,825,0
2.1,0,2,0,1.8,1,0.5,1,1.6,3,1.6,1,3.6,4,0.8,1,2.8,2,0.1,0,0.8,0,1.62,1.4,0.7,0,1.1,1,1.6,2,1.1,0,0.6,1,1.02,0.8,0.6,1,1.9,4,2.3,1,2.2,3,1.1,0,1.62,1.8,-1,8,677.53,400.7,-2
1.1,1,1.3,2,1,1,2.3,2,0.9,2,1.32,1.6,2.1,2,0.2,0,0.7,1,0.6,0,1.3,2,0.98,1,2,0,1.3,2,1.6,2,2.1,1,1.6,1,1.72,1.2,3.1,3,2.9,1,1.6,0,1.3,2,3.1,3,2.4,1.8,1,4,667.58,310.05,0
0.8,1,1.3,2,1.5,2,1.3,2,1.3,4,1.24,2.2,1.8,2,0.3,1,2,2,2.6,2,1.6,1,1.66,1.6,1.6,2,1.3,2,2.4,2,0.6,0,1,1,1.38,1.4,0.7,0,1.8,1,1.6,1,1.5,3,0.9,2,1.3,1.4,0,4,433.05,518.6,-2
1.7,1,1.7,3,2.2,3,0.6,1,0.3,0,1.3,1.6,1.3,0,1.3,3,1,1,1.6,2,1.6,1,1.36,1.4,1,0,0.8,1,0.1,0,1.6,3,1.2,3,0.94,1.4,1.7,2,4,4,1.5,1,1.5,1,0.8,1,1.9,1.8,1,9,481.3,270.1,1
0.9,1,4,4,0.6,1,1.5,3,1.1,0,1.62,1.8,3.1,3,0.8,1,1.5,1,0.6,0,1.1,1,1.42,1.2,1.3,2,1.3,3,1.3,2,2.6,2,1.2,0,1.54,1.8,2.1,2,1.7,3,1,1,0.8,3,2.7,2,1.66,2.2,0,4,427.85,253.35,3
1,0,0.8,1,2.4,2,1.5,0,1.3,2,1.4,1,2,0,1.8,1,0.5,1,1.6,3,1.6,0,1.5,1,1.7,1,0.7,0,1.5,2,1.8,2,3.3,2,1.8,1.4,1.1,1,1.6,2,1.1,0,0.6,1,0.9,2,1.06,1.2,2,8,526.85,677.53,0
0.8,1,2.8,2,0.1,0,0.8,0,0.9,2,1.08,1,1.6,2,1.1,1,1.5,1,1.5,1,1.2,3,1.38,1.6,1.9,4,2.3,1,2.2,3,1.1,0,1.6,0,1.82,1.6,1.8,1,2,1,1.5,1,1.5,1,0.3,0,1.42,0.8,1,5,400.7,1160,-3
1.3,2,2.3,1,2,1,0.8,3,0.8,1,1.44,1.6,1.7,2,0.8,1,1.6,0,1.1,0,1.2,0,1.28,0.6,0.9,1,2.8,2,1.1,1,0.6,0,1.6,1,1.4,1,1.3,0,1.2,1,0.7,1,0.8,0,1.1,0,1.02,0.4,-5,13,825,363.23,4
1.9,4,0.7,0,2.4,4,1.5,1,2.5,4,1.8,2.6,1.8,1,1.2,1,1.3,2,1.8,2,1,1,1.42,1.4,0.8,1,0.8,1,1.8,1,1.6,2,2.1,0,1.42,1,1.6,3,0.8,1,0.6,1,1.5,0,1.3,4,1.16,1.8,-2,13,777.3,362.35,0
1,1,1.6,2,1.1,1,1.5,1,2.7,2,1.58,1.4,1.6,3,1.8,1,1.8,1,1.2,0,3,2,1.88,1.4,1.9,2,1.8,1,2,1,1.5,1,1.1,1,1.66,1.2,1.8,1,0.3,1,2.4,4,2,2,1.3,2,1.56,2,-1,8,1190,680.55,3
1.9,2,0.8,2,1.6,2,2,2,3.1,3,1.88,2.2,1.6,2,2.9,1,1.6,1,2.1,1,2.1,0,2.06,1,1,1,0.9,2,1,1,1.2,0,1.3,2,1.08,1.2,0.8,1,0.2,0,2,2,2.3,2,2.5,4,1.56,1.8,-1,8,950.95,1360,2
1.3,3,1,1,1.6,2,1.6,1,0.6,0,1.22,1.4,0.8,1,2.4,2,1.5,0,1.3,2,1.7,1,1.54,1.2,4,4,1.5,1,1.5,1,0.8,1,1.6,1,1.88,1.6,0.7,0,1.5,2,1.8,2,3.3,2,0,1,1.46,1.4,0,6,270.1,526.85,-1
0.8,1,1.5,1,0.6,0,1.1,1,1.1,1,1.02,0.8,2.8,2,0.1,0,0.8,0,0.9,2,1.5,2,1.22,1.2,1.7,3,1,1,0.8,3,2.7,2,2.4,4,1.72,2.6,2.3,1,2.2,3,1.1,0,1.6,0,3.5,5,2.14,1.8,0,8,253.35,400.7,2
1.8,1,0.5,1,1.6,3,1.6,0,0,1,1.1,1.2,0.8,2,1.6,2,2,2,3.1,3,3.4,2,2.18,2.2,1.6,2,1.1,0,0.6,1,0.9,2,1.7,1,1.18,1.2,0.9,2,1,1,1.2,0,1.3,2,0.8,0,1.04,1,1,1,677.53,950.95,0
0.8,1,1.6,0,1.1,0,1.2,0,0.6,0,1.06,0.2,1.3,2,1.5,2,1.3,2,1.3,4,0.5,2,1.18,2.4,1.2,1,0.7,1,0.8,0,1.1,0,1.4,4,1.04,1.2,1.3,2,2.4,2,0.6,0,1,1,3.3,4,1.72,1.8,-1,6,363.23,433.05,4
2.9,1,1.6,1,2.1,1,2.1,0,0.8,0,1.9,0.6,1.7,3,2.2,3,0.6,1,0.3,0,1.6,1,1.28,1.6,0.2,0,2,2,2.3,2,2.5,4,3.4,2,2.08,2,0.8,1,0.1,0,1.6,3,1.2,3,0.6,0,0.86,1.4,-1,12,1360,481.3,3
0.2,0,0.7,1,0.6,0,1.3,2,1,1,0.76,0.8,1.6,2,1.1,1,1.5,1,2.7,2,1.6,3,1.7,1.8,2.9,1,1.6,0,1.3,2,3.1,3,1.7,1,2.12,1.4,1.8,1,2,1,1.5,1,1.1,1,1.2,0,1.52,0.8,2,4,310.05,1190,-4
1.1,1,1.5,1,1.5,1,1.2,3,3.5,5,1.76,2.2,2.3,1,2,1,0.8,3,0.8,1,1.1,4,1.4,2,2,1,1.5,1,1.5,1,0.3,0,1.5,2,1.36,1,2.8,2,1.1,1,0.6,0,1.6,1,0.6,0,1.34,0.8,1,12,1160,825,2
1.8,1,1.8,1,1.2,0,3,2,1.2,0,1.8,0.8,4,4,0.6,1,1.5,3,1.1,0,2.4,4,1.92,2.4,0.3,1,2.4,4,2,2,1.3,2,1.6,3,1.52,2.4,1.3,3,1.3,2,2.6,2,1.2,0,1.1,1,1.5,1.6,-1,7,680.55,427.85,2
1.2,1,1.3,2,1.8,2,1,1,1.5,1,1.36,1.4,1.3,2,1,1,2.3,2,0.9,2,1.7,1,1.44,1.6,0.8,1,0.6,1,1.5,0,1.3,4,0.8,1,1,1.4,1.3,2,1.6,2,2.1,1,1.6,1,1,1,1.52,1.4,-2,10,362.35,667.58,2
0.3,1,2,2,2.6,2,1.6,1,3.3,4,1.96,2,0.7,0,2.4,4,1.5,1,2.5,4,0.8,1,1.58,2,1.8,1,1.6,1,1.5,3,0.9,2,0.5,2,1.26,1.8,0.8,1,1.8,1,1.6,2,2.1,0,1.5,1,1.56,1,1,4,518.6,777.3,1
1.8,1,1.2,0,3,2,1.2,0,2.4,3,1.92,1.2,0.7,1,0.6,0,1.3,2,1,1,1.6,1,1.04,1,2.4,4,2,2,1.3,2,1.6,3,0.9,1,1.64,2.4,1.6,0,1.3,2,3.1,3,1.7,1,5.2,5,2.58,2.2,0,6,680.55,310.05,1
2.4,2,1.5,0,1.3,2,1.7,1,1.6,1,1.7,1.2,1.6,1,2.1,1,2.1,0,0.8,0,2.4,3,1.8,1,1.5,2,1.8,2,3.3,2,0,1,0.5,0,1.42,1.4,2,2,2.3,2,2.5,4,3.4,2,1,0,2.24,2,1,1,526.85,1360,0
0.6,1,1.5,3,1.1,0,2.4,4,0.9,1,1.3,1.8,0.5,1,1.6,3,1.6,0,0,1,2.1,3,1.16,1.6,1.3,2,2.6,2,1.2,0,1.1,1,2.4,3,1.72,1.6,1.1,0,0.6,1,0.9,2,1.7,1,1.9,3,1.24,1.4,0,3,427.85,677.53,2
2,1,0.8,3,0.8,1,1.1,4,0.2,0,0.98,1.8,2.2,3,0.6,1,0.3,0,1.6,1,1,0,1.14,1,1.1,1,0.6,0,1.6,1,0.6,0,2.1,2,1.2,0.8,0.1,0,1.6,3,1.2,3,0.6,0,2.4,3,1.18,1.8,0,15,825,481.3,-1
1.5,1,0.6,0,1.1,1,1.1,1,1.7,3,1.2,1.2,1,1,2.3,2,0.9,2,1.7,1,1.4,1,1.46,1.4,1,1,0.8,3,2.7,2,2.4,4,3,1,1.98,2.2,1.6,2,2.1,1,1.6,1,1,1,1.1,3,1.48,1.6,2,11,253.35,667.58,0
1,1,1.6,2,1.6,1,0.6,0,0.5,0,1.06,0.8,2,2,2.6,2,1.6,1,3.3,4,3.5,1,2.6,2,1.5,1,1.5,1,0.8,1,1.6,1,1.6,1,1.4,1,1.6,1,1.5,3,0.9,2,0.5,2,0.9,0,1.08,1.6,2,2,270.1,518.6,-1
1.3,2,1.8,2,1,1,1.5,1,1.1,3,1.34,1.8,1.5,1,1.5,1,1.2,3,3.5,5,2.1,2,1.96,2.4,0.6,1,1.5,0,1.3,4,0.8,1,1.4,1,1.12,1.4,1.5,1,1.5,1,0.3,0,1.5,2,0.2,0,1,0.8,-1,3,362.35,1160,0
2.4,4,1.5,1,2.5,4,0.8,1,0.9,0,1.62,2,1.1,1,1.5,1,2.7,2,1.6,3,5.2,5,2.42,2.4,1.8,1,1.6,2,2.1,0,1.5,1,3.5,1,2.1,1,2,1,1.5,1,1.1,1,1.2,0,1.6,1,1.48,0.8,-1,3,777.3,1190,-1
0.1,0,0.8,0,0.9,2,1.5,2,3,1,1.26,1,1.5,2,1.3,2,1.3,4,0.5,2,0.8,0,1.08,2,2.2,3,1.1,0,1.6,0,3.5,5,1.7,3,2.02,2.2,2.4,2,0.6,0,1,1,3.3,4,1,4,1.66,2.2,1,12,400.7,433.05,1
1.6,2,2,2,3.1,3,3.4,2,1.9,3,2.4,2.4,1.8,2,1,1,1.5,1,1.1,3,0.2,1,1.12,1.6,1,1,1.2,0,1.3,2,0.8,0,2.1,3,1.28,1.2,1.5,0,1.3,4,0.8,1,1.4,1,1.8,1,1.36,1.4,-2,10,950.95,362.35,0
1.3,2,1.3,4,0.5,2,0.8,0,1.4,1,1.06,1.8,1.6,2,1.6,1,0.6,0,0.5,0,1.3,1,1.12,0.8,0.6,0,1,1,3.3,4,1,4,1,2,1.38,2.2,1.5,1,0.8,1,1.6,1,1.6,1,3.2,2,1.74,1.2,-1,6,433.05,270.1,-1
1.6,3,1.6,0,0,1,2.1,3,1.5,2,1.36,1.8,0.6,0,1.1,1,1.1,1,1.7,3,1.3,2,1.16,1.4,0.6,1,0.9,2,1.7,1,1.9,3,1.2,4,1.26,2.2,0.8,3,2.7,2,2.4,4,3,1,1.5,2,2.08,2.4,1,7,677.53,253.35,4
1.5,1,1.2,3,3.5,5,2.1,2,1.8,1,2.02,2.4,1.6,0,1.1,0,1.2,0,0.6,0,1,4,1.1,0.8,1.5,1,0.3,0,1.5,2,0.2,0,0.2,1,0.74,0.8,0.7,1,0.8,0,1.1,0,1.4,4,0.8,0,0.96,1,-7,12,1160,363.23,0
0.6,1,0.3,0,1.6,1,1,0,0.8,3,0.86,1,1.2,0,3,2,1.2,0,2.4,3,2.3,1,2.02,1.2,1.6,3,1.2,3,0.6,0,2.4,3,1.6,2,1.48,2.2,2,2,1.3,2,1.6,3,0.9,1,0.3,0,1.22,1.6,3,7,481.3,680.55,1
2.3,2,0.9,2,1.7,1,1.4,1,1.5,2,1.56,1.6,1.5,0,1.3,2,1.7,1,1.6,1,1.3,2,1.48,1.2,2.1,1,1.6,1,1,1,1.1,3,1.3,2,1.42,1.6,1.8,2,3.3,2,0,1,0.5,0,1.4,2,1.4,1.4,0,7,667.58,526.85,-2
2.1,1,2.1,0,0.8,0,2.4,3,1.4,2,1.76,1.2,0.8,3,0.8,1,1.1,4,0.2,0,1.6,2,0.9,2,2.3,2,2.5,4,3.4,2,1,0,1.3,2,2.1,2,0.6,0,1.6,1,0.6,0,2.1,2,0.8,3,1.14,1.2,1,12,1360,825,-1
0.6,0,1.3,2,1,1,1.6,1,0.3,0,0.96,0.8,1.5,1,2.5,4,0.8,1,0.9,0,2.8,3,1.7,1.8,1.3,2,3.1,3,1.7,1,5.2,5,2.3,1,2.72,2.4,1.6,2,2.1,0,1.5,1,3.5,1,2.8,4,2.3,1.6,5,6,310.05,777.3,-5
1.5,1,2.7,2,1.6,3,5.2,5,2.8,4,2.76,3,1.5,3,1.1,0,2.4,4,0.9,1,1.2,4,1.42,2.4,1.5,1,1.1,1,1.2,0,1.6,1,2.8,3,1.64,1.2,2.6,2,1.2,0,1.1,1,2.4,3,1.5,2,1.76,1.6,-5,11,1190,427.85,1
2.6,2,1.6,1,3.3,4,3.5,1,3.2,2,2.84,2,0.8,0,0.9,2,1.5,2,3,1,1,2,1.44,1.4,1.5,3,0.9,2,0.5,2,0.9,0,1.3,1,1.02,1.6,1.1,0,1.6,0,3.5,5,1.7,3,1.4,1,1.86,1.8,1,6,518.6,400.7,0
3,2,1.2,0,2.4,3,2.3,1,0.4,1,1.86,1.4,2.1,0,0.8,0,2.4,3,1.4,2,0.9,1,1.52,1.2,1.3,2,1.6,3,0.9,1,0.3,0,1.7,2,1.16,1.6,2.5,4,3.4,2,1,0,1.3,2,2.1,2,2.06,2,1,4,680.55,1360,1
1.6,1,0.6,0,0.5,0,1.3,1,1.1,2,1.02,0.8,1.6,0,0,1,2.1,3,1.5,2,3.8,4,1.8,2,0.8,1,1.6,1,1.6,1,3.2,2,1.3,1,1.7,1.2,0.9,2,1.7,1,1.9,3,1.2,4,0.2,0,1.18,2,4,6,270.1,677.53,-4
1.1,0,2.4,4,0.9,1,1.2,4,1.6,1,1.44,2,0.3,0,1.6,1,1,0,0.8,3,1.7,2,1.08,1.2,1.2,0,1.1,1,2.4,3,1.5,2,2.2,2,1.68,1.6,1.2,3,0.6,0,2.4,3,1.6,2,0.4,1,1.24,1.8,-4,10,427.85,481.3,-2
0.9,2,1.5,2,3,1,1,2,2.1,1,1.7,1.6,0.9,2,1.7,1,1.4,1,1.5,2,1,1,1.3,1.4,1.6,0,3.5,5,1.7,3,1.4,1,1.9,1,2.02,2,1.6,1,1,1,1.1,3,1.3,2,2.2,3,1.44,2,-1,4,400.7,667.58,0
1.3,2,1.7,1,1.6,1,1.3,2,2.2,3,1.62,1.8,1.2,3,3.5,5,2.1,2,1.8,1,1.2,0,1.96,2.2,3.3,2,0,1,0.5,0,1.4,2,1,1,1.24,1.2,0.3,0,1.5,2,0.2,0,0.2,1,0.1,0,0.46,0.6,0,4,526.85,1160,-4
0.8,1,1.1,4,0.2,0,1.6,2,2.1,2,1.16,1.8,1.6,1,3.3,4,3.5,1,3.2,2,1.9,1,2.7,1.8,1.6,1,0.6,0,2.1,2,0.8,3,0.9,1,1.2,1.4,0.9,2,0.5,2,0.9,0,1.3,1,2.1,1,1.14,1.2,-2,12,825,518.6,-3
1.6,0,0,1,2.1,3,1.5,2,0.2,0,1.08,1.2,1.3,4,0.5,2,0.8,0,1.4,1,1.3,1,1.06,1.6,2.7,2,2.4,4,3,1,1.5,2,3.8,4,2.68,2.6,1,1,3.3,4,1,4,1,2,1.1,2,1.48,2.6,0,12,253.35,433.05,-3
1.1,0,1.2,0,0.6,0,1,4,0.1,0,0.8,0.8,2.7,2,1.6,3,5.2,5,2.8,4,2.2,2,2.9,3.2,0.8,0,1.1,0,1.4,4,0.8,0,1.2,0,1.06,0.8,1.1,1,1.2,0,1.6,1,2.8,3,1.6,1,1.66,1.2,5,12,363.23,1190,0
1,1,1.5,1,1.1,3,0.2,1,1.2,2,1,1.6,1.3,2,1,1,1.6,1,0.3,0,0.8,0,1,0.8,1.3,4,0.8,1,1.4,1,1.8,1,2.1,2,1.48,1.8,3.1,3,1.7,1,5.2,5,2.3,1,2.3,5,2.92,3,4,7,362.35,310.05,0
2.5,4,0.8,1,0.9,0,2.8,3,2.3,5,1.86,2.6,2,2,3.1,3,3.4,2,1.9,3,2.1,2,2.5,2.4,2.1,0,1.5,1,3.5,1,2.8,4,0.3,0,2.04,1.2,1.2,0,1.3,2,0.8,0,2.1,3,1.2,2,1.32,1.4,-1,4,777.3,950.95,-3
0.8,0,2.4,3,1.4,2,0.9,1,1,1,1.3,1.4,1.2,0,0.6,0,1,4,0.1,0,1,0,0.78,0.8,3.4,2,1,0,1.3,2,2.1,2,1.6,2,1.88,1.6,1.1,0,1.4,4,0.8,0,1.2,0,1.2,0,1.14,0.8,1,13,1360,363.23,0
1,1,1.6,1,0.3,0,0.8,0,0.3,0,0.8,0.4,1.5,2,3,1,1,2,2.1,1,1.2,1,1.76,1.4,1.7,1,5.2,5,2.3,1,2.3,5,0.9,0,2.48,2.4,3.5,5,1.7,3,1.4,1,1.9,1,0.9,1,1.88,2.2,-1,6,310.05,400.7,-1
0,1,2.1,3,1.5,2,3.8,4,2.3,4,1.94,2.8,1.2,0,2.4,3,2.3,1,0.4,1,1.6,2,1.58,1.4,1.7,1,1.9,3,1.2,4,0.2,0,0.7,0,1.14,1.6,1.6,3,0.9,1,0.3,0,1.7,2,1,1,1.1,1.4,0,11,677.53,680.55,3
1.6,1,1,0,0.8,3,1.7,2,0.9,2,1.2,1.6,0.8,1,0.9,0,2.8,3,2.3,5,1.3,3,1.62,2.4,0.6,0,2.4,3,1.6,2,0.4,1,0.7,0,1.14,1.2,1.5,1,3.5,1,2.8,4,0.3,0,5.6,6,2.74,2.4,1,3,481.3,777.3,1
3.3,4,3.5,1,3.2,2,1.9,1,1.6,3,2.7,2.2,1.7,1,1.6,1,1.3,2,2.2,3,1.6,1,1.68,1.6,0.5,2,0.9,0,1.3,1,2.1,1,2.2,0,1.4,0.8,0,1,0.5,0,1.4,2,1,1,2.5,5,1.08,1.8,-1,9,518.6,526.85,0
1.6,3,5.2,5,2.8,4,2.2,2,1.2,0,2.6,2.8,1.5,1,1.1,3,0.2,1,1.2,2,0.9,0,0.98,1.4,1.2,0,1.6,1,2.8,3,1.6,1,1,0,1.64,1,0.8,1,1.4,1,1.8,1,2.1,2,0.3,0,1.28,1,0,13,1190,362.35,-1
0.5,2,0.8,0,1.4,1,1.3,1,1.1,3,1.02,1.4,1.1,4,0.2,0,1.6,2,2.1,2,2.2,0,1.44,1.6,3.3,4,1,4,1,2,1.1,2,0.8,0,1.44,2.4,0.6,0,2.1,2,0.8,3,0.9,1,1.6,3,1.2,1.8,0,1,433.05,825,2
3.1,3,3.4,2,1.9,3,2.1,2,5.6,6,3.22,3.2,0,1,2.1,3,1.5,2,0.2,0,0.8,0,0.92,1.2,1.3,2,0.8,0,2.1,3,1.2,2,1.3,3,1.34,2,2.4,4,3,1,1.5,2,3.8,4,1.1,3,2.36,2.8,0,15,950.95,253.35,2
1.7,1,1.4,1,1.5,2,1,1,0.9,1,1.3,1.2,2.4,4,0.9,1,1.2,4,1.6,1,0.7,0,1.36,2,1,1,1.1,3,1.3,2,2.2,3,1.2,1,1.36,2,1.1,1,2.4,3,1.5,2,2.2,2,0.9,2,1.62,2,0,7,667.58,427.85,0
3.5,5,2.1,2,1.8,1,1.2,0,2.5,5,2.22,2.6,0.6,0,0.5,0,1.3,1,1.1,2,0.7,0,0.84,0.6,1.5,2,0.2,0,0.2,1,0.1,0,1.6,1,0.72,0.8,1.6,1,1.6,1,3.2,2,1.3,1,2.3,4,2,1.8,0,15,1160,270.1,1
2.1,3,1.5,2,0.2,0,0.8,0,0.3,1,0.98,1.2,2.4,3,1.4,2,0.9,1,1,1,2.1,1,1.56,1.6,3,1,1.5,2,3.8,4,1.1,3,2,3,2.28,2.6,1,0,1.3,2,2.1,2,1.6,2,0.7,1,1.34,1.4,0,3,253.35,1360,-2
0.6,0,1,4,0.1,0,1,0,0.7,1,0.68,1,1,0,0.8,3,1.7,2,0.9,2,1.1,1,1.1,1.6,1.4,4,0.8,0,1.2,0,1.2,0,2.1,1,1.34,1,2.4,3,1.6,2,0.4,1,0.7,0,0.9,0,1.2,1.2,0,10,363.23,481.3,-2
0.9,0,2.8,3,2.3,5,1.3,3,0.9,0,1.64,2.2,0.8,0,1.4,1,1.3,1,1.1,3,0.9,2,1.1,1.4,3.5,1,2.8,4,0.3,0,5.6,6,1.1,1,2.66,2.4,1,4,1,2,1.1,2,0.8,0,0.4,0,0.86,1.6,0,6,777.3,433.05,0
1.1,3,0.2,1,1.2,2,0.9,0,1.8,2,1.04,1.6,3.5,1,3.2,2,1.9,1,1.6,3,1.4,0,2.32,1.4,1.4,1,1.8,1,2.1,2,0.3,0,1.1,1,1.34,1,0.9,0,1.3,1,2.1,1,2.2,0,0.4,0,1.38,0.4,0,5,362.35,518.6,0
1.6,1,1.3,2,2.2,3,1.6,1,0.4,0,1.42,1.4,1.6,1,0.3,0,0.8,0,0.3,0,1.4,0,0.88,0.2,0.5,0,1.4,2,1,1,2.5,5,1.4,0,1.36,1.6,5.2,5,2.3,1,2.3,5,0.9,0,1.7,1,2.48,2.4,0,7,526.85,310.05,1
3,1,1,2,2.1,1,1.2,1,1.7,1,1.8,1.2,3.4,2,1.9,3,2.1,2,5.6,6,2,3,3,3.2,1.7,3,1.4,1,1.9,1,0.9,1,1.4,0,1.46,1.2,0.8,0,2.1,3,1.2,2,1.3,3,0.3,1,1.14,1.8,0,4,400.7,950.95,-5
2.4,3,2.3,1,0.4,1,1.6,2,0.3,0,1.4,1.4,1.4,1,1.5,2,1,1,0.9,1,1.3,0,1.22,1,0.9,1,0.3,0,1.7,2,1,1,2.7,3,1.32,1.4,1.1,3,1.3,2,2.2,3,1.2,1,1.1,0,1.38,1.8,1,10,680.55,667.58,0
0.5,0,1.3,1,1.1,2,0.7,0,0.2,0,0.76,0.6,5.2,5,2.8,4,2.2,2,1.2,0,1.1,1,2.5,2.4,1.6,1,3.2,2,1.3,1,2.3,4,1.8,1,2.04,1.8,1.6,1,2.8,3,1.6,1,1,0,1.8,2,1.76,1.4,-1,7,270.1,1190,2
0.2,0,1.6,2,2.1,2,2.2,0,0.4,0,1.3,0.8,2.1,3,1.5,2,3.8,4,2.3,4,2.7,3,2.48,3.2,2.1,2,0.8,3,0.9,1,1.6,3,0.9,2,1.26,2.2,1.9,3,1.2,4,0.2,0,0.7,0,0.3,3,0.86,2,0,10,825,677.53,-2
0.9,1,1.2,4,1.6,1,0.7,0,1.1,0,1.1,1.2,2.1,2,1.8,1,1.2,0,2.5,5,1.8,1,1.88,1.8,2.4,3,1.5,2,2.2,2,0.9,2,1.3,0,1.66,1.8,0.2,0,0.2,1,0.1,0,1.6,1,0.2,0,0.46,0.4,0,3,427.85,1160,-2
2.8,3,2.3,5,1.3,3,0.9,0,2.2,2,1.9,2.6,1.5,2,3.8,4,2.3,4,2.7,3,1.9,2,2.44,3,2.8,4,0.3,0,5.6,6,1.1,1,0.7,2,2.1,2.6,1.2,4,0.2,0,0.7,0,0.3,3,0.8,0,0.64,1.4,1,7,777.3,677.53,-1
2.3,1,0.4,1,1.6,2,0.3,0,1.8,2,1.28,1.2,1.5,2,0.2,0,0.8,0,0.3,1,1.3,0,0.82,0.6,0.3,0,1.7,2,1,1,2.7,3,1.1,2,1.36,1.6,1.5,2,3.8,4,1.1,3,2,3,1.3,2,1.94,2.8,-1,6,680.55,253.35,1
3.2,2,1.9,1,1.6,3,1.4,0,2,2,2.02,1.6,1,4,0.1,0,1,0,0.7,1,0.9,0,0.74,1,1.3,1,2.1,1,2.2,0,0.4,0,1.1,2,1.42,0.8,0.8,0,1.2,0,1.2,0,2.1,1,1.5,2,1.36,0.6,0,13,518.6,363.23,1
1.3,2,2.2,3,1.6,1,0.4,0,2,2,1.5,1.6,2.8,4,2.2,2,1.2,0,1.1,1,2,0,1.86,1.4,1.4,2,1,1,2.5,5,1.4,0,0.9,1,1.44,1.8,2.8,3,1.6,1,1,0,1.8,2,1.6,2,1.76,1.6,1,0,526.85,1190,0
0.3,0,0.8,0,0.3,0,1.4,0,0.9,1,0.74,0.2,1.2,4,1.6,1,0.7,0,1.1,0,0.3,1,0.98,1.2,2.3,1,2.3,5,0.9,0,1.7,1,2,2,1.84,1.8,1.5,2,2.2,2,0.9,2,1.3,0,1.9,3,1.56,1.8,3,4,310.05,427.85,-5
1.4,2,0.9,1,1,1,2.1,1,1.3,2,1.34,1.4,1,2,2.1,1,1.2,1,1.7,1,0.4,0,1.28,1,1.3,2,2.1,2,1.6,2,0.7,1,1.3,0,1.4,1.4,1.4,1,1.9,1,0.9,1,1.4,0,3.1,5,1.74,1.6,0,15,1360,400.7,3
1.5,2,1,1,0.9,1,1.3,0,1.1,2,1.16,1.2,1.8,1,1.2,0,2.5,5,1.8,1,1.9,3,1.84,2,1.3,2,2.2,3,1.2,1,1.1,0,1.8,2,1.52,1.6,0.2,1,0.1,0,1.6,1,0.2,0,0.3,1,0.48,0.6,1,4,667.58,1160,0
0.2,1,1.2,2,0.9,0,1.8,2,1.1,2,1.04,1.4,1.3,1,1.1,2,0.7,0,0.2,0,1.6,2,0.98,1,1.8,1,2.1,2,0.3,0,1.1,1,2,2,1.46,1.2,3.2,2,1.3,1,2.3,4,1.8,1,2,0,2.12,1.6,1,7,362.35,270.1,0
1.9,3,2.1,2,5.6,6,2,3,3.1,5,2.94,3.8,1.6,2,2.1,2,2.2,0,0.4,0,1.9,2,1.64,1.2,2.1,3,1.2,2,1.3,3,0.3,1,0.4,0,1.06,1.8,0.8,3,0.9,1,1.6,3,0.9,2,0.8,0,1,1.8,1,11,950.95,825,0
1.4,1,1.3,1,1.1,3,0.9,2,0.7,2,1.08,1.8,0.8,3,1.7,2,0.9,2,1.1,1,1.5,2,1.2,2,1,2,1.1,2,0.8,0,0.4,0,2.2,2,1.1,1.2,1.6,2,0.4,1,0.7,0,0.9,0,0.9,0,0.9,0.6,0,8,433.05,481.3,-3
2.1,1,1.2,1,1.7,1,0.4,0,1.4,1,1.36,0.8,1.2,2,0.9,0,1.8,2,1.1,2,2.2,2,1.44,1.6,1.9,1,0.9,1,1.4,0,3.1,5,1.9,4,1.84,2.2,2.1,2,0.3,0,1.1,1,2,2,1.5,2,1.4,1.4,-1,12,400.7,362.35,1
2.2,2,1.2,0,1.1,1,2,0,1.2,1,1.54,0.8,1.9,1,1.6,3,1.4,0,2,2,1.8,1,1.74,1.4,1.6,1,1,0,1.8,2,1.6,2,1.1,1,1.42,1.2,2.1,1,2.2,0,0.4,0,1.1,2,0.7,0,1.3,0.6,0,12,1190,518.6,0
1.6,1,0.7,0,1.1,0,0.3,1,4.4,5,1.62,1.4,0.9,1,1,1,2.1,1,1.3,2,1.9,4,1.44,1.8,2.2,2,0.9,2,1.3,0,1.9,3,0.3,0,1.32,1.4,2.1,2,1.6,2,0.7,1,1.3,0,1.4,1,1.42,1.2,0,6,427.85,1360,0
1.7,2,0.9,2,1.1,1,1.5,2,2.1,3,1.46,2,2.1,2,5.6,6,2,3,3.1,5,2.7,2,3.1,3.6,0.4,1,0.7,0,0.9,0,0.9,0,1.5,0,0.88,0.2,1.2,2,1.3,3,0.3,1,0.4,0,1,2,0.84,1.6,0,5,481.3,950.95,0
0.2,0,0.8,0,0.3,1,1.3,0,0.4,1,0.6,0.4,2.2,3,1.6,1,0.4,0,2,2,1.1,1,1.46,1.4,3.8,4,1.1,3,2,3,1.3,2,1.4,2,1.92,2.8,1,1,2.5,5,1.4,0,0.9,1,1.2,1,1.4,1.6,1,10,253.35,526.85,-2
0.1,0,1,0,0.7,1,0.9,0,0.7,0,0.68,0.2,0.4,1,1.6,2,0.3,0,1.8,2,1.4,2,1.1,1.4,1.2,0,1.2,0,2.1,1,1.5,2,1.8,1,1.56,0.8,1.7,2,1,1,2.7,3,1.1,2,0.4,1,1.38,1.8,1,2,363.23,680.55,-1
3.8,4,2.3,4,2.7,3,1.9,2,2.5,2,2.64,3,1.3,1,1.1,3,0.9,2,0.7,2,1.5,0,1.1,1.6,0.2,0,0.7,0,0.3,3,0.8,0,0.9,1,0.58,0.8,1.1,2,0.8,0,0.4,0,2.2,2,2.1,3,1.32,1.4,-1,11,677.53,433.05,3
1.2,0,2.5,5,1.8,1,1.9,3,0.9,1,1.66,2,2.3,5,1.3,3,0.9,0,2.2,2,0.9,1,1.52,2.2,0.1,0,1.6,1,0.2,0,0.3,1,1.5,1,0.74,0.6,0.3,0,5.6,6,1.1,1,0.7,2,2.5,2,2.04,2.2,0,11,1160,777.3,1
1.1,2,0.7,0,0.2,0,1.6,2,1.5,2,1.02,1.2,1,1,0.9,1,1.3,0,1.1,2,1.5,1,1.16,1,1.3,1,2.3,4,1.8,1,2,0,2.2,2,1.92,1.6,2.2,3,1.2,1,1.1,0,1.8,2,0.9,1,1.44,1.4,-1,7,270.1,667.58,-2
2.1,2,2.2,0,0.4,0,1.9,2,1,2,1.52,1.2,0.8,0,0.3,0,1.4,0,0.9,1,0.3,0,0.74,0.2,0.9,1,1.6,3,0.9,2,0.8,0,2.7,2,1.38,1.6,2.3,5,0.9,0,1.7,1,2,2,4.4,5,2.26,2.6,0,9,825,310.05,2
2.3,4,2.7,3,1.9,2,2.5,2,2.1,3,2.3,2.8,1.6,3,1.4,0,2,2,1.8,1,1.2,2,1.6,1.6,0.7,0,0.3,3,0.8,0,0.9,1,1.6,0,0.86,0.8,2.2,0,0.4,0,1.1,2,0.7,0,2.5,2,1.38,0.8,-1,11,677.53,518.6,-3
0.8,0,0.3,1,1.3,0,0.4,1,1.7,0,0.9,0.4,0.9,0,1.8,2,1.1,2,2.2,2,1.7,2,1.54,1.6,1.1,3,2,3,1.3,2,1.4,2,1.8,2,1.52,2.4,0.3,0,1.1,1,2,2,1.5,2,1,3,1.18,1.6,-1,7,253.35,362.35,-2
1.2,1,1.7,1,0.4,0,1.4,1,1,3,1.14,1.2,1.6,1,0.4,0,2,2,1.1,1,1.8,2,1.38,1.2,0.9,1,1.4,0,3.1,5,1.9,4,1.7,2,1.8,2.4,2.5,5,1.4,0,0.9,1,1.2,1,1.7,0,1.54,1.4,1,3,400.7,526.85,-2
0.7,0,1.1,0,0.3,1,4.4,5,2.5,2,1.8,1.6,5.6,6,2,3,3.1,5,2.7,2,2,1,3.08,3.4,0.9,2,1.3,0,1.9,3,0.3,0,2.2,2,1.32,1.4,1.3,3,0.3,1,0.4,0,1,2,0.3,1,0.66,1.4,0,8,427.85,950.95,-2
2.5,5,1.8,1,1.9,3,0.9,1,1.4,2,1.7,2.4,1.6,2,0.3,0,1.8,2,1.4,2,1.2,1,1.26,1.4,1.6,1,0.2,0,0.3,1,1.5,1,0.8,1,0.88,0.8,1,1,2.7,3,1.1,2,0.4,1,1.1,0,1.26,1.4,0,9,1160,680.55,0
1,0,0.7,1,0.9,0,0.7,0,1.1,0,0.88,0.2,1.3,3,0.9,0,2.2,2,0.9,1,0.8,1,1.22,1.4,1.2,0,2.1,1,1.5,2,1.8,1,1.2,1,1.56,1,5.6,6,1.1,1,0.7,2,2.5,2,1.4,2,2.26,2.6,0,7,363.23,777.3,1
2.2,0,0.4,0,1.9,2,1,2,3.4,3,1.78,1.4,0.9,1,1.3,0,1.1,2,1.5,1,1,2,1.16,1.2,1.6,3,0.9,2,0.8,0,2.7,2,1.4,1,1.48,1.6,1.2,1,1.1,0,1.8,2,0.9,1,0.3,0,1.06,0.8,0,9,825,667.58,-2
0.9,2,1.1,1,1.5,2,2.1,3,0.3,1,1.18,1.8,0.3,0,1.4,0,0.9,1,0.3,0,1.4,1,0.86,0.4,0.7,0,0.9,0,0.9,0,1.5,0,2,1,1.2,0.2,0.9,0,1.7,1,2,2,4.4,5,3.4,3,2.48,2.2,2,7,481.3,310.05,1
0.7,0,0.2,0,1.6,2,1.5,2,0.3,0,0.86,0.8,1,1,2.1,1,1.3,2,1.9,4,2.2,2,1.7,2,2.3,4,1.8,1,2,0,2.2,2,1,2,1.86,1.8,1.6,2,0.7,1,1.3,0,1.4,1,2.5,2,1.5,1.2,-2,12,270.1,1360,-6
1.2,0,1.1,1,2,0,1.2,1,2.5,2,1.6,0.8,1.1,3,0.9,2,0.7,2,1.5,0,1.6,0,1.16,1.4,1,0,1.8,2,1.6,2,1.1,1,1.2,2,1.34,1.4,0.8,0,0.4,0,2.2,2,2.1,3,2.1,3,1.52,1.6,1,8,1190,433.05,2
1.4,0,0.9,1,0.3,0,1.4,1,0.9,2,0.98,0.8,2.7,3,1.9,2,2.5,2,2.1,3,0.8,1,2,2.2,1.7,1,2,2,4.4,5,3.4,3,1.8,3,2.66,2.8,0.3,0,1.1,2,0.7,0,2.5,2,2,4,1.32,1.6,-1,3,310.05,677.53,-2
1.3,0,1.1,2,1.5,1,1,2,1.9,3,1.36,1.6,0.7,1,0.9,0,0.7,0,1.1,0,1.8,3,1.04,0.8,1.1,0,1.8,2,0.9,1,0.3,0,1.5,1,1.12,0.8,2.1,1,1.5,2,1.8,1,1.2,1,1.1,2,1.54,1.4,0,5,667.58,363.23,-1
2,3,3.1,5,2.7,2,2,1,3.4,2,2.64,2.6,0.2,0,1.6,2,1.5,2,0.3,0,0.5,0,0.82,0.8,0.3,1,0.4,0,1,2,0.3,1,0.7,0,0.54,0.8,1.8,1,2,0,2.2,2,1,2,3,6,2,2.2,-2,7,950.95,270.1,3
1.4,0,2,2,1.8,1,1.2,2,2,4,1.68,1.8,1.1,1,1.5,2,2.1,3,0.3,1,1.8,3,1.36,2,0.4,0,1.1,2,0.7,0,2.5,2,0.8,1,1.1,1,0.9,0,0.9,0,1.5,0,2,1,0.9,2,1.24,0.6,1,8,518.6,481.3,5
0.9,2,0.7,2,1.5,0,1.6,0,0.8,1,1.1,1,1.8,1,1.9,3,0.9,1,1.4,2,1.3,2,1.46,1.8,0.4,0,2.2,2,2.1,3,2.1,3,3.1,3,1.98,2.2,0.2,0,0.3,1,1.5,1,0.8,1,1,2,0.76,1,2,3,433.05,1160,-1
2.1,1,1.3,2,1.9,4,2.2,2,3,6,2.1,3,1.1,1,2,0,1.2,1,2.5,2,3.1,3,1.98,1.4,0.7,1,1.3,0,1.4,1,2.5,2,0.5,0,1.28,0.8,1.8,2,1.6,2,1.1,1,1.2,2,0.8,1,1.3,1.6,-2,13,1360,1190,2
0.4,0,2,2,1.1,1,1.8,2,1.3,2,1.32,1.4,1.1,0,0.3,1,4.4,5,2.5,2,0.7,0,1.8,1.6,1.4,0,0.9,1,1.2,1,1.7,0,0.3,0,1.1,0.4,1.3,0,1.9,3,0.3,0,2.2,2,3.4,2,1.82,1.4,0,5,526.85,427.85,-1
0.9,0,2.2,2,0.9,1,0.8,1,1.1,2,1.18,1.2,0.3,1,1.3,0,0.4,1,1.7,0,0.6,0,0.86,0.4,1.1,1,0.7,2,2.5,2,1.4,2,1.8,3,1.5,2,2,3,1.3,2,1.4,2,1.8,2,2,2,1.7,2.2,-5,12,777.3,253.35,-1
0.3,0,1.8,2,1.4,2,1.2,1,1,2,1.14,1.4,1.7,1,0.4,0,1.4,1,1,3,1.3,2,1.16,1.4,2.7,3,1.1,2,0.4,1,1.1,0,1.3,2,1.32,1.6,1.4,0,3.1,5,1.9,4,1.7,2,0.3,0,1.68,2.2,-3,5,680.55,400.7,0
1.8,2,1.1,2,2.2,2,1.7,2,2,2,1.76,2,0.4,0,1.9,2,1,2,3.4,3,1.5,1,1.64,1.6,1.1,1,2,2,1.5,2,1,3,0.6,0,1.24,1.6,0.9,2,0.8,0,2.7,2,1.4,1,1.9,3,1.54,1.6,5,0,362.35,825,-1
1.5,2,2.1,3,0.3,1,1.8,3,1,0,1.34,1.8,1.1,2,1.5,1,1,2,1.9,3,0.7,0,1.24,1.6,0.9,0,1.5,0,2,1,0.9,2,1.7,5,1.4,1.6,1.8,2,0.9,1,0.3,0,1.5,1,0.8,1,1.06,1,0,12,481.3,667.58,7
0.9,0,0.7,0,1.1,0,1.8,3,0.8,1,1.06,0.8,1.3,0,0.4,1,1.7,0,0.6,0,1.6,2,1.12,0.6,1.5,2,1.8,1,1.2,1,1.1,2,0.7,0,1.26,1.2,1.3,2,1.4,2,1.8,2,2,2,1,1,1.5,1.8,1,5,363.23,253.35,4
1.9,2,2.5,2,2.1,3,0.8,1,2.9,3,2.04,2.2,1.1,2,2.2,2,1.7,2,2,2,0.7,0,1.54,1.6,1.1,2,0.7,0,2.5,2,2,4,0.8,1,1.42,1.8,2,2,1.5,2,1,3,0.6,0,0.3,1,1.08,1.6,1,9,677.53,362.35,-1
3.1,5,2.7,2,2,1,3.4,2,1.7,5,2.58,3,2,2,1.8,1,1.2,2,2,4,2,4,1.8,2.6,0.4,0,1,2,0.3,1,0.7,0,1,0,0.68,0.6,1.1,2,0.7,0,2.5,2,0.8,1,0.5,1,1.12,1.2,4,3,518.6,950.95,-2
1.6,2,1.5,2,0.3,0,0.5,0,0.5,1,0.88,1,0.9,1,0.3,0,1.4,1,0.9,2,0.8,1,0.86,1,2,0,2.2,2,1,2,3,6,2,4,2.04,2.8,2,2,4.4,5,3.4,3,1.8,3,2.9,3,2.9,3.2,0,10,270.1,310.05,-1
0.7,2,1.5,0,1.6,0,0.8,1,0.7,0,1.06,0.6,1.8,2,1.4,2,1.2,1,1,2,0.9,1,1.26,1.6,2.2,2,2.1,3,2.1,3,3.1,3,1,1,2.1,2.4,1.1,2,0.4,1,1.1,0,1.3,2,1.3,1,1.04,1.2,4,10,433.05,680.55,2
1.9,2,1,2,3.4,3,1.5,1,0.3,1,1.62,1.8,2,2,1.1,1,1.8,2,1.3,2,1.1,1,1.46,1.6,0.8,0,2.7,2,1.4,1,1.9,3,0.7,0,1.5,1.2,0.9,1,1.2,1,1.7,0,0.3,0,1.3,2,1.08,0.8,-4,6,825,526.85,-2
0.3,1,4.4,5,2.5,2,0.7,0,1.3,2,1.84,2,2.2,2,0.9,1,0.8,1,1.1,2,1,1,1.2,1.4,1.9,3,0.3,0,2.2,2,3.4,2,1.1,1,1.78,1.6,0.7,2,2.5,2,1.4,2,1.8,3,1.6,2,1.6,2.2,4,3,427.85,777.3,-2
1.9,3,0.9,1,1.4,2,1.3,2,1,1,1.3,1.8,1.3,2,1.9,4,2.2,2,3,6,2.2,3,2.12,3.4,0.3,1,1.5,1,0.8,1,1,2,0.7,0,0.86,1,1.3,0,1.4,1,2.5,2,0.5,0,1.8,1,1.5,0.8,0,3,1160,1360,4
2,0,1.2,1,2.5,2,3.1,3,1.8,1,2.12,1.4,0.4,0,1.4,1,1,3,1.3,2,1.3,1,1.08,1.4,1.6,2,1.1,1,1.2,2,0.8,1,2.2,3,1.38,1.8,3.1,5,1.9,4,1.7,2,0.3,0,0.9,1,1.58,2.4,1,12,1190,400.7,1
0.7,0,1.1,0,1.8,3,0.8,1,2.5,4,1.38,1.6,1.8,1,1.2,2,2,4,2,4,2.5,2,1.9,2.6,1.8,1,1.2,1,1.1,2,0.7,0,0.3,0,1.02,0.8,0.7,0,2.5,2,0.8,1,0.5,1,1.6,0,1.22,0.8,1,6,363.23,950.95,0
1.5,1,1,2,1.9,3,0.7,0,0.9,0,1.2,1.2,1.2,1,2.5,2,3.1,3,1.8,1,1.6,2,2.04,1.8,0.9,1,0.3,0,1.5,1,0.8,1,3.3,7,1.36,2,1.1,1,1.2,2,0.8,1,2.2,3,1.2,1,1.3,1.6,3,5,667.58,1190,3
0.4,1,1.7,0,0.6,0,1.6,2,0.3,0,0.92,0.6,0.9,1,1.4,2,1.3,2,1,1,1,5,1.12,2.2,1.4,2,1.8,2,2,2,1,1,2.5,4,1.74,2.2,1.5,1,0.8,1,1,2,0.7,0,0.8,1,0.96,1,-2,3,253.35,1160,-2
2.2,2,1.7,2,2,2,0.7,0,1.6,2,1.64,1.6,2.1,3,0.3,1,1.8,3,1,0,3.3,7,1.7,2.8,1.5,2,1,3,0.6,0,0.3,1,0.8,1,0.84,1.4,1.5,0,2,1,0.9,2,1.7,5,0.9,0,1.4,1.6,3,9,362.35,481.3,1
1.9,4,2.2,2,3,6,2.2,3,0.8,1,2.02,3.2,2.5,2,2.1,3,0.8,1,2.9,3,0.8,1,1.82,2,1.4,1,2.5,2,0.5,0,1.8,1,1,5,1.44,1.8,0.7,0,2.5,2,2,4,0.8,1,1.6,2,1.52,1.8,-3,15,1360,677.53,4
0.3,0,1.4,1,0.9,2,0.8,1,0.9,2,0.86,1.2,2.7,2,2,1,3.4,2,1.7,5,1.6,0,2.28,2,4.4,5,3.4,3,1.8,3,2.9,3,1.8,1,2.86,3,1,2,0.3,1,0.7,0,1,0,2.5,2,1.1,1,0,4,310.05,518.6,-2
1.4,2,1.2,1,1,2,0.9,1,0.4,0,0.98,1.2,1.5,2,0.3,0,0.5,0,0.5,1,1.8,1,0.92,0.8,0.4,1,1.1,0,1.3,2,1.3,1,1.6,2,1.14,1.2,2.2,2,1,2,3,6,2,4,0.9,2,1.82,3.2,-1,12,680.55,270.1,0
1.4,1,1,3,1.3,2,1.3,1,1.2,1,1.24,1.6,4.4,5,2.5,2,0.7,0,1.3,2,2.1,0,2.2,1.8,1.9,4,1.7,2,0.3,0,0.9,1,1.6,2,1.28,1.8,0.3,0,2.2,2,3.4,2,1.1,1,0.8,2,1.56,1.4,-1,6,400.7,427.85,-1
1.1,1,1.8,2,1.3,2,1.1,1,2.6,2,1.58,1.6,1.1,0,1.8,3,0.8,1,2.5,4,1,2,1.44,2,1.2,1,1.7,0,0.3,0,1.3,2,1.1,0,1.12,0.6,1.2,1,1.1,2,0.7,0,0.3,0,0.6,2,0.78,1,2,8,526.85,363.23,-1
1.2,2,2,4,2,4,2.5,2,0.6,2,1.66,2.8,1.5,0,1.6,0,0.8,1,0.7,0,1.6,2,1.24,0.6,2.5,2,0.8,1,0.5,1,1.6,0,1,2,1.28,1.2,2.1,3,2.1,3,3.1,3,1,1,0.4,0,1.74,2,-3,13,950.95,433.05,1
0.9,1,0.8,1,1.1,2,1,1,0.8,2,0.92,1.4,1,2,3.4,3,1.5,1,0.3,1,1.1,0,1.46,1.4,2.5,2,1.4,2,1.8,3,1.6,2,2.1,0,1.88,1.8,2.7,2,1.4,1,1.9,3,0.7,0,2.6,2,1.86,1.6,0,7,777.3,825,1
1.2,1,1,2,0.9,1,0.4,0,2.4,1,1.18,1,2,4,2,4,2.5,2,0.6,2,1.7,2,1.76,2.8,1.1,0,1.3,2,1.3,1,1.6,2,0.4,1,1.14,1.2,0.8,1,0.5,1,1.6,0,1,2,1.5,1,1.08,1,1,4,680.55,950.95,0
1.7,0,0.6,0,1.6,2,0.3,0,0.2,0,0.88,0.4,2.5,2,0.7,0,1.3,2,2.1,0,1.6,1,1.64,1,1.8,2,2,2,1,1,2.5,4,1.4,2,1.74,2.2,2.2,2,3.4,2,1.1,1,0.8,2,0.8,0,1.66,1.4,0,5,253.35,427.85,-4
1.8,3,0.8,1,2.5,4,1,2,0.9,2,1.4,2.4,3.4,3,1.5,1,0.3,1,1.1,0,1.5,0,1.56,1,1.1,2,0.7,0,0.3,0,0.6,2,1.6,1,0.86,1,1.4,1,1.9,3,0.7,0,2.6,2,2.2,1,1.76,1.4,1,3,363.23,825,0
1.7,2,2,2,0.7,0,1.6,2,2.1,2,1.62,1.6,1.8,2,1.3,2,1.1,1,2.6,2,1.6,1,1.68,1.6,1,3,0.6,0,0.3,1,0.8,1,0.4,1,0.62,1.2,1.7,0,0.3,0,1.3,2,1.1,0,0.9,2,1.06,0.8,0,5,362.35,526.85,-2
2,1,3.4,2,1.7,5,1.6,0,1.2,3,1.98,2.2,1.6,0,0.8,1,0.7,0,1.6,2,1.5,1,1.24,0.8,0.3,1,0.7,0,1,0,2.5,2,0.8,1,1.06,0.8,2.1,3,3.1,3,1,1,0.4,0,1.7,2,1.66,1.8,1,5,518.6,433.05,-1
0.3,0,0.5,0,0.5,1,1.8,1,0.4,1,0.7,0.6,0.8,1,1.1,2,1,1,0.8,2,2.2,1,1.18,1.4,1,2,3,6,2,4,0.9,2,2.4,1,1.86,3,1.4,2,1.8,3,1.6,2,2.1,0,1.5,0,1.68,1.4,1,8,270.1,777.3,-3
1.4,2,1.3,2,1,1,1,5,1.4,2,1.22,2.4,1,3,1.3,2,1.3,1,1.2,1,0.8,0,1.12,1.4,0.8,1,1,2,0.7,0,0.8,1,0.2,0,0.7,0.8,1.7,2,0.3,0,0.9,1,1.6,2,1.6,1,1.22,1.2,0,12,1160,400.7,-1
1.4,1,0.9,2,0.8,1,0.9,2,0.8,1,0.96,1.4,1,2,1.9,3,0.7,0,0.9,0,1.4,3,1.18,1.6,3.4,3,1.8,3,2.9,3,1.8,1,1.2,3,2.22,2.6,0.3,0,1.5,1,0.8,1,3.3,7,0.5,0,1.28,1.8,-1,3,310.05,667.58,-4
1,2,0.9,1,0.4,0,2.4,1,0.6,2,1.06,1.2,2.5,2,3.1,3,1.8,1,1.6,2,0.5,0,1.9,1.6,1.3,2,1.3,1,1.6,2,0.4,1,2.5,2,1.42,1.6,1.2,2,0.8,1,2.2,3,1.2,1,1.4,3,1.36,2,-5,4,680.55,1190,1
2.1,3,0.8,1,2.9,3,0.8,1,0.5,0,1.42,1.6,0.3,1,1.8,3,1,0,3.3,7,0.4,1,1.36,2.4,2.5,2,2,4,0.8,1,1.6,2,1.9,4,1.76,2.6,2,1,0.9,2,1.7,5,0.9,0,2.1,2,1.52,2,0,9,677.53,481.3,1
2.2,2,3,6,2.2,3,0.8,1,1.9,4,2.02,3.2,2,4,2.5,2,0.6,2,1.7,2,2.5,2,1.86,2.4,2.5,2,0.5,0,1.8,1,1,5,0.5,0,1.26,1.6,0.5,1,1.6,0,1,2,1.5,1,0.6,2,1.04,1.2,0,8,1360,950.95,-2
1.9,3,0.7,0,0.9,0,1.4,3,3.9,4,1.76,2,3.4,2,1.7,5,1.6,0,1.2,3,0.9,0,1.76,2,1.5,1,0.8,1,3.3,7,0.5,0,0.1,0,1.24,1.8,0.7,0,1,0,2.5,2,0.8,1,2,1,1.4,0.8,0,10,667.58,518.6,1
1.3,2,1.1,1,2.6,2,1.6,1,1.3,2,1.58,1.6,0.9,1,0.4,0,2.4,1,0.6,2,2.3,2,1.32,1.2,0.3,0,1.3,2,1.1,0,0.9,2,0.2,0,0.76,0.8,1.3,1,1.6,2,0.4,1,2.5,2,2.3,1,1.62,1.4,0,12,526.85,680.55,3
0.8,1,0.7,0,1.6,2,1.5,1,2,1,1.32,1,2,2,0.7,0,1.6,2,2.1,2,0.2,0,1.32,1.2,3.1,3,1,1,0.4,0,1.7,2,0.9,0,1.42,1.2,0.6,0,0.3,1,0.8,1,0.4,1,1.3,2,0.68,1,0,13,433.05,362.35,-1
3.1,3,1.8,1,1.6,2,0.5,0,2.3,1,1.86,1.4,0.9,2,0.8,1,0.9,2,0.8,1,0.1,0,0.7,1.2,0.8,1,2.2,3,1.2,1,1.4,3,2.3,2,1.58,2,1.8,3,2.9,3,1.8,1,1.2,3,3.9,4,2.32,2.8,0,7,1190,310.05,4
1.1,2,1,1,0.8,2,2.2,1,1.7,4,1.36,2,3,6,2.2,3,0.8,1,1.9,4,0.6,0,1.7,2.8,1.8,3,1.6,2,2.1,0,1.5,0,1.1,1,1.62,1.2,0.5,0,1.8,1,1,5,0.5,0,0.7,2,0.9,1.6,1,9,777.3,1360,-1
1.8,3,1,0,3.3,7,0.4,1,1.7,3,1.64,2.8,1.3,2,1,1,1,5,1.4,2,1.2,0,1.18,2,0.9,2,1.7,5,0.9,0,2.1,2,2.9,4,1.7,2.6,1,2,0.7,0,0.8,1,0.2,0,1.1,1,0.76,0.8,0,9,481.3,1160,0
1.5,1,0.3,1,1.1,0,1.5,0,0.4,2,0.96,0.8,0.5,0,0.5,1,1.8,1,0.4,1,1.1,1,0.86,0.8,1.9,3,0.7,0,2.6,2,2.2,1,1.6,2,1.8,1.6,3,6,2,4,0.9,2,2.4,1,1.7,4,2,3.4,0,12,825,270.1,1
0.7,0,1.3,2,2.1,0,1.6,1,1.5,4,1.44,1.4,0.8,1,2.5,4,1,2,0.9,2,1.6,2,1.36,2.2,3.4,2,1.1,1,0.8,2,0.8,0,0.5,0,1.32,1,0.7,0,0.3,0,0.6,2,1.6,1,0.4,2,0.72,1,1,8,427.85,363.23,0
2.5,2,0.6,2,1.7,2,2.5,2,0.7,2,1.6,2,0.8,1,2.9,3,0.8,1,0.5,0,2.9,4,1.58,1.8,1.6,0,1,2,1.5,1,0.6,2,0.6,0,1.06,1,2,4,0.8,1,1.6,2,1.9,4,1.7,3,1.6,2.8,0,13,950.95,677.53,2
1.3,2,1.3,1,1.2,1,0.8,0,1.1,1,1.14,1,0.6,0,1.6,2,0.3,0,0.2,0,0.5,0,0.64,0.4,0.3,0,0.9,1,1.6,2,1.6,1,1.2,,1.12,1,2,2,1,1,2.5,4,1.4,2,1.5,4,1.68,2.6,-1,7,400.7,253.35,2
1,0,3.3,7,0.4,1,1.7,3,0.4,0,1.36,2.2,2.2,3,0.8,1,1.9,4,0.6,0,2.1,1,1.52,1.8,1.7,5,0.9,0,2.1,2,2.9,4,1,0,1.72,2.2,1.8,1,1,5,0.5,0,0.7,2,1.3,0,1.06,1.6,-2,2,481.3,1360,1
0.6,2,1.7,2,2.5,2,0.7,2,1.7,2,1.44,2,0.8,1,0.9,2,0.8,1,0.1,0,0.7,0,0.66,0.8,1,2,1.5,1,0.6,2,0.6,0,0.2,0,0.78,1,2.9,3,1.8,1,1.2,3,3.9,4,2.4,4,2.44,3,-9,15,950.95,310.05,2
0.7,0,0.9,0,1.4,3,3.9,4,2.4,2,1.86,1.8,0.7,0,1.6,2,2.1,2,0.2,0,1.7,2,1.26,1.2,0.8,1,3.3,7,0.5,0,0.1,0,1.5,1,1.24,1.8,0.3,1,0.8,1,0.4,1,1.3,2,1.3,1,0.82,1.2,1,3,667.58,362.35,1
1.1,1,2.6,2,1.6,1,1.3,2,4.3,4,2.18,2,0.5,1,1.8,1,0.4,1,1.1,1,1.4,2,1.04,1.2,1.3,2,1.1,0,0.9,2,0.2,0,0.4,1,0.78,1,2,4,0.9,2,2.4,1,1.7,4,0.7,3,1.54,2.8,2,10,526.85,270.1,1
1.3,2,2.1,0,1.6,1,1.5,4,1.4,1,1.58,1.6,0.4,0,2.4,1,0.6,2,2.3,2,0.4,1,1.22,1.2,1.1,1,0.8,2,0.8,0,0.5,0,1.5,1,0.94,0.8,1.6,2,0.4,1,2.5,2,2.3,1,4.3,4,2.22,2,7,10,427.85,680.55,-1
0.7,0,1.6,2,1.5,1,2,1,1.3,1,1.42,1,2.5,4,1,2,0.9,2,1.6,2,1.5,1,1.5,2.2,1,1,0.4,0,1.7,2,0.9,0,1.7,2,1.14,1,0.3,0,0.6,2,1.6,1,0.4,2,1.4,1,0.86,1.2,-4,10,433.05,363.23,0
1.8,1,1.6,2,0.5,0,2.3,1,2.4,4,1.72,1.6,1.6,2,0.3,0,0.2,0,0.5,0,0.4,0,0.6,0.4,2.2,3,1.2,1,1.4,3,2.3,2,0.7,0,1.56,1.8,1,1,2.5,4,1.4,2,1.5,4,1.3,2,1.54,2.6,-8,10,1190,253.35,1
1,1,0.8,2,2.2,1,1.7,4,1.3,0,1.4,1.6,1.7,5,1.6,0,1.2,3,0.9,0,1.5,1,1.38,1.8,1.6,2,2.1,0,1.5,0,1.1,1,2.1,1,1.68,0.8,1,0,2.5,2,0.8,1,2,1,2.4,2,1.74,1.2,-5,12,777.3,518.6,0
0.3,1,1.1,0,1.5,0,0.4,2,0.7,3,0.8,1.2,1,1,1,5,1.4,2,1.2,0,1,0,1.12,1.6,0.7,0,2.6,2,2.2,1,1.6,2,1.4,2,1.7,1.4,0.7,0,0.8,1,0.2,0,1.1,1,0.4,0,0.64,0.4,-2,7,825,1160,0
1.3,1,1.2,1,0.8,0,1.1,1,1.3,2,1.14,1,2.9,3,0.8,1,0.5,0,2.9,4,0.2,0,1.46,1.6,0.9,1,1.6,2,1.6,1,1.2,0,0.4,0,1.14,0.8,0.8,1,1.6,2,1.9,4,1.7,3,1.7,2,1.54,2.4,2,2,400.7,677.53,-1
1,2,0.9,2,1.6,2,1.5,1,1.2,1,1.24,1.6,1.2,1,0.8,0,1.1,1,1.3,2,0.7,0,1.02,0.8,0.6,2,1.6,1,0.4,2,1.4,1,0.8,1,0.96,1.4,1.6,2,1.6,1,1.2,0,0.4,0,1.4,1,1.24,0.8,1,6,363.23,400.7,0
0.9,2,0.8,1,0.1,0,0.7,0,0.4,1,0.58,0.8,1.6,2,1.5,1,2,1,1.3,1,0.8,1,1.44,1.2,1.8,1,1.2,3,3.9,4,2.4,4,3.9,3,2.64,3,0.4,0,1.7,2,0.9,0,1.7,2,1.2,1,1.18,1,0,3,310.05,433.05,-1
1.8,1,0.4,1,1.1,1,1.4,2,1.5,0,1.24,1,3.3,7,0.4,1,1.7,3,0.4,0,0.7,1,1.3,2.4,0.9,2,2.4,1,1.7,4,0.7,3,3.2,1,1.78,2.2,0.9,0,2.1,2,2.9,4,1,0,0.9,0,1.56,1.2,0,10,270.1,481.3,-2
0.8,1,1.9,4,0.6,0,2.1,1,0.9,0,1.26,1.2,0.9,0,1.4,3,3.9,4,2.4,2,1.5,2,2.02,2.2,1,5,0.5,0,0.7,2,1.3,0,0.7,1,0.84,1.6,3.3,7,0.5,0,0.1,0,1.5,1,0.9,1,1.26,1.8,0,15,1360,667.58,0
1.6,0,1.2,3,0.9,0,1.5,1,2.2,2,1.48,1.2,2.1,0,1.6,1,1.5,4,1.4,1,0.8,0,1.48,1.2,2.5,2,0.8,1,2,1,2.4,2,1.5,2,1.84,1.6,0.8,2,0.8,0,0.5,0,1.5,1,1.3,1,0.98,0.8,-1,7,518.6,427.85,-1
1,5,1.4,2,1.2,0,1,0,1.6,1,1.24,1.6,1.6,2,0.5,0,2.3,1,2.4,4,1.7,1,1.7,1.6,0.8,1,0.2,0,1.1,1,0.4,0,1.5,1,0.8,0.6,1.2,1,1.4,3,2.3,2,0.7,0,0.1,0,1.14,1.2,1,9,1160,1190,1
1.6,2,2.1,2,0.2,0,1.7,2,0.9,1,1.3,1.4,0.8,2,2.2,1,1.7,4,1.3,0,1.5,2,1.5,1.8,0.8,1,0.4,1,1.3,2,1.3,1,1.5,2,1.06,1.4,2.1,0,1.5,0,1.1,1,2.1,1,2.2,2,1.8,0.8,5,6,362.35,777.3,2
0.3,0,0.2,0,0.5,0,0.4,0,0.1,0,0.3,0,1.1,0,1.5,0,0.4,2,0.7,3,1.5,1,1.04,1.2,2.5,4,1.4,2,1.5,4,1.3,2,1.7,1,1.68,2.6,2.6,2,2.2,1,1.6,2,1.4,2,1.6,1,1.88,1.6,4,7,253.35,825,-3
1.4,2,1.2,0,1,0,1.6,1,0.7,1,1.18,0.8,1.6,2,2.1,2,0.2,0,1.7,2,0.9,1,1.3,1.4,0.2,0,1.1,1,0.4,0,1.5,1,0.4,0,0.72,0.4,0.8,1,0.4,1,1.3,2,1.3,1,1.5,2,1.06,1.4,13,11,1160,362.35,1
1.5,1,2,1,1.3,1,0.8,1,0.4,2,1.2,1.2,0.8,0,1.1,1,1.3,2,0.7,0,0.8,1,0.94,0.8,1.7,2,0.9,0,1.7,2,1.2,1,1.3,1,1.36,1.2,1.6,1,1.2,0,0.4,0,1.4,1,1,1,1.12,0.6,0,9,433.05,400.7,1
0.4,1,1.7,3,0.4,0,0.7,1,1.5,4,0.94,1.8,1.5,0,0.4,2,0.7,3,1.5,1,0.9,3,1,1.8,2.1,2,2.9,4,1,0,0.9,0,0.4,2,1.46,1.6,2.2,1,1.6,2,1.4,2,1.6,1,1,0,1.56,1.2,-13,3,481.3,825,1
0.8,1,0.5,0,2.9,4,0.2,0,1.4,1,1.16,1.2,1.6,1,1.5,4,1.4,1,0.8,0,0.8,2,1.22,1.6,1.6,2,1.9,4,1.7,3,1.7,2,0.7,0,1.52,2.2,0.8,0,0.5,0,1.5,1,1.3,1,1.6,1,1.14,0.6,-1,13,677.53,427.85,1
1.9,4,0.6,0,2.1,1,0.9,0,1.7,2,1.44,1.4,0.2,0,0.5,0,0.4,0,0.1,0,1,0,0.44,0,0.5,0,0.7,2,1.3,0,0.7,1,2,2,1.04,1,1.4,2,1.5,4,1.3,2,1.7,1,0.9,3,1.36,2.4,0,9,1360,253.35,2
0.8,1,0.1,0,0.7,0,0.4,1,1.3,1,0.66,0.6,2.6,2,1.6,1,1.3,2,4.3,4,3.2,1,2.6,2,1.2,3,3.9,4,2.4,4,3.9,3,0.4,2,2.36,3.2,1.1,0,0.9,2,0.2,0,0.4,1,1.5,0,0.82,0.6,14,5,310.05,526.85,0
1.2,3,0.9,0,1.5,1,2.2,2,1.6,1,1.48,1.4,0.4,1,1.1,1,1.4,2,1.5,0,0.4,2,0.96,1.2,0.8,1,2,1,2.4,2,1.5,2,0.8,2,1.5,1.6,2.4,1,1.7,4,0.7,3,3.2,1,1.5,4,1.9,2.6,-15,2,518.6,270.1,-1
1.4,3,3.9,4,2.4,2,1.5,2,2,2,2.24,2.6,2.4,1,0.6,2,2.3,2,0.4,1,1.3,1,1.4,1.4,0.5,0,0.1,0,1.5,1,0.9,1,1.7,2,0.94,0.8,0.4,1,2.5,2,2.3,1,4.3,4,0.8,0,2.06,1.6,1,5,667.58,680.55,-3
1.7,2,2.5,2,0.7,2,1.7,2,3.9,3,2.1,2.2,0.9,2,1.6,2,1.5,1,1.2,1,1,1,1.24,1.4,1.5,1,0.6,2,0.6,0,0.2,0,0.4,1,0.66,0.8,1.6,1,0.4,2,1.4,1,0.8,1,0.8,1,1,1.2,-1,12,950.95,363.23,1
0.5,0,2.3,1,2.4,4,1.7,1,0.4,0,1.46,1.2,2.2,1,1.7,4,1.3,0,1.5,2,0.9,0,1.52,1.4,1.4,3,2.3,2,0.7,0,0.1,0,0.7,1,1.04,1.2,1.5,0,1.1,1,2.1,1,2.2,2,1,2,1.58,1.2,0,11,1190,777.3,1
1.6,2,1.5,1,1.2,1,1,1,0.9,0,1.24,1,1.2,0,1,0,1.6,1,0.7,1,2.2,2,1.34,0.8,0.4,2,1.4,1,0.8,1,0.8,1,1.5,1,0.98,1.2,1.1,1,0.4,0,1.5,1,0.4,0,1,1,0.88,0.6,-1,10,363.23,1160,0
1.6,1,1.3,2,4.3,4,3.2,1,0.7,1,2.22,1.8,3.9,4,2.4,2,1.5,2,2,2,0.9,0,2.14,2,0.9,2,0.2,0,0.4,1,1.5,0,0.7,1,0.74,0.8,0.1,0,1.5,1,0.9,1,1.7,2,1.2,3,1.08,1.4,0,5,526.85,667.58,1
1.1,1,1.4,2,1.5,0,0.4,2,1.2,2,1.12,1.4,2,1,1.3,1,0.8,1,0.4,2,1.2,1,1.14,1.2,1.7,4,0.7,3,3.2,1,1.5,4,1.8,1,1.78,2.6,0.9,0,1.7,2,1.2,1,1.3,1,1.3,0,1.28,0.8,-1,8,270.1,433.05,-1
1.1,1,1.3,2,0.7,0,0.8,1,1.3,0,1.04,0.8,0.9,0,1.5,1,2.2,2,1.6,1,1.8,1,1.6,1,1.2,0,0.4,0,1.4,1,1,1,1.2,1,1.04,0.6,2,1,2.4,2,1.5,2,0.8,2,1.2,2,1.58,1.8,1,10,400.7,518.6,0
0.6,2,2.3,2,0.4,1,1.3,1,1.2,3,1.16,1.8,1.7,3,0.4,0,0.7,1,1.5,4,0.5,1,0.96,1.8,2.5,2,2.3,1,4.3,4,0.8,0,0.9,0,2.16,1.4,0.9,0,1.7,2,1.2,1,1.3,1,1.6,0,1.34,0.8,-1,11,680.55,481.3,1
2.1,2,0.2,0,1.7,2,0.9,1,1,1,1.18,1.2,2.5,2,0.7,2,1.7,2,3.9,3,1.5,1,2.06,2,0.4,1,1.3,2,1.3,1,1.5,2,2.2,2,1.34,1.6,0.6,2,0.6,0,0.2,0,0.4,1,0.9,0,0.54,0.6,1,3,362.35,950.95,1
1.5,4,1.4,1,0.8,0,0.8,2,1.5,1,1.2,1.6,2.3,1,2.4,4,1.7,1,0.4,0,1,1,1.56,1.4,0.5,0,1.5,1,1.3,1,1.6,1,1.3,2,1.24,1,2.3,2,0.7,0,0.1,0,0.7,1,0.9,0,0.94,0.6,1,3,427.85,1190,0
1.7,4,1.3,0,1.5,2,0.9,0,0.9,0,1.26,1.2,0.1,0,0.7,0,0.4,1,1.3,1,0.7,1,0.64,0.6,1.1,1,2.1,1,2.2,2,1,2,1,1,1.48,1.4,3.9,4,2.4,4,3.9,3,0.4,2,0.7,1,2.26,2.8,-1,12,777.3,310.05,2
0.4,2,0.7,3,1.5,1,0.9,3,1.6,0,1.02,1.8,0.6,0,2.1,1,0.9,0,1.7,2,2.2,2,1.5,1,1.6,2,1.4,2,1.6,1,1,0,0.5,1,1.22,1.2,0.7,2,1.3,0,0.7,1,2,2,0.1,0,0.96,1,1,3,825,1360,0
0.5,0,0.4,0,0.1,0,1,0,0.1,0,0.42,0,0.5,0,2.9,4,0.2,0,1.4,1,1.3,2,1.26,1.4,1.5,4,1.3,2,1.7,1,0.9,3,2.2,2,1.52,2.4,1.9,4,1.7,3,1.7,2,0.7,0,1.5,1,1.5,2,0,6,253.35,677.53,-3
2.1,1,0.9,0,1.7,2,2.2,2,0.5,0,1.48,1,1.3,2,4.3,4,3.2,1,0.7,1,0.6,2,2.02,2,1.3,0,0.7,1,2,2,0.1,0,0.9,0,1,0.6,0.2,0,0.4,1,1.5,0,0.7,1,1,1,0.76,0.6,-1,8,1360,526.85,3
2.4,2,1.5,2,2,2,0.9,0,1,1,1.56,1.4,0.4,0,0.1,0,1,0,0.1,0,0.5,0,0.42,0,1.5,1,0.9,1,1.7,2,1.2,3,0.6,2,1.18,1.8,1.7,3,1.7,2,0.7,0,1.5,1,3.2,3,1.76,1.8,2,7,667.58,253.35,0
0.7,0,0.4,1,1.3,1,0.7,1,1,1,0.82,0.8,2.3,2,0.4,1,1.3,1,1.2,3,3,2,1.64,1.8,2.4,4,3.9,3,0.4,2,0.7,1,2.1,3,1.9,2.6,2.3,1,4.3,4,0.8,0,0.9,0,1.5,1,1.96,1.2,3,7,310.05,680.55,-3
0.4,0,0.7,1,1.5,4,0.5,1,1.5,1,0.92,1.4,1.5,1,1.2,1,1,1,0.9,0,1.1,1,1.14,0.8,1.7,2,1.2,1,1.3,1,1.6,0,3,2,1.76,1.2,1.4,1,0.8,1,0.8,1,1.5,1,1.8,1,1.26,1,0,4,481.3,363.23,-1
1,0,1.6,1,0.7,1,2.2,2,1.8,1,1.46,1,1.4,1,0.8,0,0.8,2,1.5,1,1.1,0,1.12,0.8,0.4,0,1.5,1,0.4,0,1,1,1.1,1,0.88,0.6,1.5,1,1.3,1,1.6,1,1.3,2,1.2,0,1.38,1,-2,11,1160,427.85,0
0.7,2,1.7,2,3.9,3,1.5,1,1.5,2,1.86,2,1.3,2,0.7,0,0.8,1,1.3,0,0.7,2,0.96,1,0.6,0,0.2,0,0.4,1,0.9,0,0.7,3,0.56,0.8,0.4,0,1.4,1,1,1,1.2,1,2.1,2,1.22,1,-1,15,950.95,400.7,1
2.4,4,1.7,1,0.4,0,1,1,1.2,0,1.34,1.2,1.4,2,1.5,0,0.4,2,1.2,2,0.8,1,1.06,1.4,0.7,0,0.1,0,0.7,1,0.9,0,1.1,0,0.7,0.2,0.7,3,3.2,1,1.5,4,1.8,1,2.6,2,1.96,2.2,-5,15,1190,270.1,0
1.3,1,0.8,1,0.4,2,1.2,1,2.6,2,1.26,1.4,1.3,0,1.5,2,0.9,0,0.9,0,2.1,3,1.34,1,1.7,2,1.2,1,1.3,1,1.3,0,0.8,1,1.26,1,2.1,1,2.2,2,1,2,1,1,1,1,1.46,1.4,5,7,433.05,777.3,2
2.9,4,0.2,0,1.4,1,1.3,2,3.2,3,1.8,2,0.7,3,1.5,1,0.9,3,1.6,0,0.9,0,1.12,1.4,1.7,3,1.7,2,0.7,0,1.5,1,0.5,0,1.22,1.2,1.4,2,1.6,1,1,0,0.5,1,0.5,0,1,0.8,3,10,677.53,825,3
1.5,1,2.2,2,1.6,1,1.8,1,2.1,2,1.84,1.4,0.2,0,1.7,2,0.9,1,1,1,0.7,3,0.9,1.4,2.4,2,1.5,2,0.8,2,1.2,2,0.7,2,1.32,2,1.3,2,1.3,1,1.5,2,2.2,2,1.5,2,1.56,1.8,1,10,518.6,362.35,1
0.2,0,1.4,1,1.3,2,3.2,3,2.2,4,1.66,2,4.3,4,3.2,1,0.7,1,0.6,2,1.8,2,2.12,2,1.7,2,0.7,0,1.5,1,0.5,0,0.7,1,1.02,0.8,0.4,1,1.5,0,0.7,1,1,1,3.7,5,1.46,1.6,-1,10,677.53,526.85,5
1.2,1,1,1,0.9,0,1.1,1,1.4,1,1.12,0.8,0.9,0,1.7,2,2.2,2,0.5,0,3.7,5,1.8,1.8,0.8,1,0.8,1,1.5,1,1.8,1,0.5,0,1.08,0.8,0.7,1,2,2,0.1,0,0.9,0,1.8,2,1.1,1,0,0,363.23,1360,-2
0.7,0,0.8,1,1.3,0,0.7,2,1.4,1,0.98,0.8,0.4,1,1.3,1,0.7,1,1,1,0.3,0,0.74,0.8,1.4,1,1,1,1.2,1,2.1,2,1.8,2,1.5,1.4,3.9,3,0.4,2,0.7,1,2.1,3,3,3,2.02,2.4,-1,12,400.7,310.05,0
3.2,1,0.7,1,0.6,2,1.8,2,2,0,1.66,1.2,2.2,2,1.6,1,1.8,1,2.1,2,1.4,1,1.82,1.4,1.5,0,0.7,1,1,1,3.7,5,1.5,5,1.68,2.4,1.5,2,0.8,2,1.2,2,0.7,2,1,0,1.04,1.6,-2,10,526.85,518.6,0
0.8,0,0.8,2,1.5,1,1.1,0,0.2,1,0.88,0.8,1.5,2,2,2,0.9,0,1,1,3.8,2,1.84,1.4,1.3,1,1.6,1,1.3,2,1.2,0,1,1,1.28,1,0.9,1,1.7,2,1.2,3,0.6,2,1.5,2,1.18,2,0,5,427.85,667.58,2
0.4,1,1.3,1,1.2,3,3,2,3,3,1.78,2,1.4,1,1.3,2,3.2,3,2.2,4,1.5,5,1.92,3,4.3,4,0.8,0,0.9,0,1.5,1,0.3,0,1.56,1,0.7,0,1.5,1,0.5,0,0.7,1,2,0,1.08,0.4,1,12,680.55,677.53,3
1.7,2,0.9,1,1,1,0.7,3,1,0,1.06,1.4,1.7,1,0.4,0,1,1,1.2,0,2.2,2,1.3,0.8,1.3,1,1.5,2,2.2,2,1.5,2,1.4,1,1.58,1.6,0.1,0,0.7,1,0.9,0,1.1,0,1.1,2,0.78,0.6,3,3,362.35,1190,-1
1.5,0,0.4,2,1.2,2,0.8,1,1.1,2,1,1.4,1.6,1,0.7,1,2.2,2,1.8,1,1,1,1.46,1.2,3.2,1,1.5,4,1.8,1,2.6,2,2.2,2,2.26,2,1.5,1,0.4,0,1,1,1.1,1,0.2,1,0.84,0.8,3,4,270.1,1160,-4
1.5,1,0.9,3,1.6,0,0.9,0,0.7,1,1.12,1,0.8,1,0.4,2,1.2,1,2.6,2,2.4,4,1.48,2,1.6,1,1,0,0.5,1,0.5,0,2.2,4,1.16,1.2,1.2,1,1.3,1,1.3,0,0.8,1,2,2,1.32,1,-4,10,825,433.05,-1
0.1,0,1,0,0.1,0,0.5,0,1.5,2,0.64,0.4,1.7,2,3.9,3,1.5,1,1.5,2,1.8,2,2.08,2,1.7,2,0.7,0,1.5,1,3.2,3,3.8,2,2.18,1.6,0.2,0,0.4,1,0.9,0,0.7,3,1.4,1,0.72,1,1,6,253.35,950.95,-1
1.5,2,0.9,0,0.9,0,2.1,3,2,2,1.48,1.4,0.7,1,1.5,4,0.5,1,1.5,1,0.5,0,0.94,1.4,2.2,2,1,2,1,1,1,1,2.4,4,1.52,2,1.2,1,1.3,1,1.6,0,3,2,1.4,1,1.7,1,-5,13,777.3,481.3,-1
1.7,2,2.2,2,0.5,0,3.7,5,2,2,2.02,2.2,1.3,1,1.2,3,3,2,3,3,2.2,4,2.14,2.6,2,2,0.1,0,0.9,0,1.8,2,0.9,0,1.14,0.8,0.8,0,0.9,0,1.5,1,0.3,0,1,1,0.9,0.4,0,15,1360,680.55,1
0.7,1,2.2,2,1.8,1,1,1,2.4,4,1.62,1.8,0.7,1,0.6,2,1.8,2,2,0,0.4,0,1.1,1,0.4,0,1,1,1.1,1,0.2,1,0.2,0,0.58,0.6,0.7,1,1,1,3.7,5,1.5,5,0.7,0,1.52,2.4,-1,11,1160,526.85,0
0.4,0,1,1,1.2,0,2.2,2,0.9,2,1.14,1,0.7,1,0.6,2,1.8,2,2,0,0.9,0,1.2,1,0.7,1,0.9,0,1.1,0,1.1,2,0.3,1,0.82,0.8,0.8,1,1.5,1,1.8,1,0.5,0,2,2,1.32,1,-1,11,1190,363.23,1
2,2,0.9,0,1,1,3.8,2,1.4,2,1.82,1.4,0.8,2,1.5,1,1.1,0,0.2,1,0.9,1,0.9,1,1.7,2,1.2,3,0.6,2,1.5,2,2.1,4,1.42,2.6,1,1,1.2,1,2.1,2,1.8,2,0.6,1,1.34,1.4,0,8,667.58,400.7,1
0.4,2,1.2,1,2.6,2,2.4,4,0.2,1,1.36,2,1,0,0.1,0,0.5,0,1.5,2,0.3,0,0.68,0.4,1.3,1,1.3,0,0.8,1,2,2,1.3,0,1.34,0.8,0.7,0,1.5,1,3.2,3,3.8,2,2.5,1,2.34,1.4,0,8,433.05,253.35,3
1.3,1,0.7,1,1,1,0.3,0,0.6,1,0.78,0.8,0.9,1,1,1,0.7,3,1,0,0.3,1,0.78,1.2,0.4,2,0.7,1,2.1,3,3,3,0.9,1,1.42,2,1.5,2,2.2,2,1.5,2,1.4,1,0.9,2,1.5,1.8,1,10,310.05,362.35,-1
1.3,2,3.2,3,2.2,4,1.5,5,1,1,1.84,3,0.4,2,1.2,2,0.8,1,1.1,2,0.2,0,0.74,1.4,1.5,1,0.5,0,0.7,1,2,0,2.2,4,1.38,1.2,1.5,4,1.8,1,2.6,2,2.2,2,2.4,4,2.1,2.6,1,9,677.53,270.1,3
1.6,1,1.8,1,2.1,2,1.4,1,0.7,0,1.52,1,0.9,3,1.6,0,0.9,0,0.7,1,1.3,0,1.08,0.8,0.8,2,1.2,2,0.7,2,1,0,0.4,0,0.82,1.2,1,0,0.5,1,0.5,0,2.2,4,0.2,1,0.88,1.2,1,4,518.6,825,0
3.9,3,1.5,1,1.5,2,1.8,2,2.5,1,2.24,1.8,0.9,0,0.9,0,2.1,3,2,2,2.1,1,1.6,1.2,0.4,1,0.9,0,0.7,3,1.4,1,0.3,0,0.74,1,1,2,1,1,1,1,2.4,4,0.5,2,1.18,2,1,13,950.95,777.3,4
1.5,4,0.5,1,1.5,1,0.5,0,0.5,2,0.9,1.6,0.8,2,1.5,1,1.1,0,0.2,1,2.1,4,1.14,1.6,1.3,1,1.6,0,3,2,1.4,1,2.1,1,1.88,1,1.6,1,1.3,2,1.2,0,1,1,1.4,2,1.3,1.2,8,8,481.3,427.85,-2
2.2,2,0.5,0,3.7,5,2,2,1.3,2,1.94,2.2,1.2,1,2.6,2,2.4,4,0.2,1,2,3,1.68,2.2,0.1,0,0.9,0,1.8,2,0.9,0,1.8,1,1.1,0.6,1.3,0,0.8,1,2,2,1.3,0,1.1,0,1.3,0.6,-1,12,1360,433.05,1
1.2,3,3,2,3,3,2.2,4,1.8,1,2.24,2.6,1,1,0.7,3,1,0,0.3,1,2.4,2,1.08,1.4,0.9,0,1.5,1,0.3,0,1,1,1.3,2,1,0.8,2.2,2,1.5,2,1.4,1,0.9,2,0.6,1,1.32,1.6,0,12,680.55,362.35,1
0.1,0,0.5,0,1.5,2,0.3,0,1.1,0,0.7,0.4,0.7,1,1,1,0.3,0,0.6,1,0.6,1,0.64,0.8,1.5,1,3.2,3,3.8,2,2.5,1,2,3,2.6,2,0.7,1,2.1,3,3,3,0.9,1,2.4,2,1.82,2,0,12,253.35,310.05,2
0.6,2,1.8,2,2,0,0.9,0,0.4,0,1.14,0.8,1.2,2,0.8,1,1.1,2,0.2,0,0.1,0,0.68,1,1.5,1,1.8,1,0.5,0,2,2,0.8,1,1.32,1,1.8,1,2.6,2,2.2,2,2.4,4,2.4,3,2.28,2.4,0,7,363.23,270.1,0
2.2,2,1.8,1,1,1,2.4,4,1.2,2,1.72,2,1.8,1,2.1,2,1.4,1,0.7,0,0.5,1,1.3,1,1,1,1.1,1,0.2,1,0.2,0,1.7,2,0.84,1,1.2,2,0.7,2,1,0,0.4,0,2.3,1,1.12,1,-2,15,1160,518.6,-1
0.9,0,1,1,3.8,2,1.4,2,1.3,3,1.68,1.6,3.2,3,2.2,4,1.5,5,1,1,2.4,3,2.06,3.2,1.2,3,0.6,2,1.5,2,2.1,4,1.3,2,1.34,2.6,0.5,0,0.7,1,2,0,2.2,4,0.1,0,1.1,1,0,9,667.58,677.53,0
1.5,1,1.1,0,0.2,1,0.9,1,1.3,2,1,1,0.9,0,2.1,3,2,2,2.1,1,0.5,1,1.52,1.4,1.2,1,2.1,2,1.8,2,0.6,1,1.3,3,1.4,1.8,1,1,1,1,2.4,4,0.5,2,2.2,5,1.42,2.6,5,8,400.7,777.3,0
1.5,1,1.1,0,0.2,1,2.1,4,1.3,2,1.24,1.6,1.6,0,0.9,0,0.7,1,1.3,0,2.3,1,1.36,0.4,1.3,2,1.2,0,1,1,1.4,2,0.9,0,1.16,1,0.5,1,0.5,0,2.2,4,0.2,1,0.5,1,0.78,1.4,0,5,427.85,825,1
1,1,1.2,0,2.2,2,0.9,2,0.8,1,1.22,1.2,1.5,1,1.5,2,1.8,2,2.5,1,2.2,5,1.9,2.2,0.9,0,1.1,0,1.1,2,0.3,1,0.4,0,0.76,0.6,0.9,0,0.7,3,1.4,1,0.3,0,0.5,1,0.76,1,-3,2,1190,950.95,2
0.6,2,1.8,2,2,0,0.4,0,1.7,2,1.3,1.2,0.5,1,1.5,1,0.5,0,0.5,2,0.9,0,0.78,0.8,1,1,3.7,5,1.5,5,0.7,0,1.2,2,1.62,2.6,1.6,0,3,2,1.4,1,2.1,1,1.3,2,1.88,1.2,4,3,526.85,481.3,0
0.8,1,1.1,2,0.2,0,0.1,0,0.8,2,0.6,1,1.1,0,0.2,1,2.1,4,1.3,2,2.8,4,1.5,2.2,2.6,2,2.2,2,2.4,4,2.4,3,0.6,2,2.04,2.6,1.2,0,1,1,1.4,2,0.9,0,1.5,3,1.2,1.2,1,6,270.1,427.85,-1
0.7,3,1,0,0.3,1,2.4,2,0.9,0,1.06,1.2,1.8,2,2,0,0.9,0,0.4,0,0.6,2,1.14,0.8,1.5,2,1.4,1,0.9,2,0.6,1,1,1,1.08,1.4,1.8,1,0.5,0,2,2,0.8,1,0.8,2,1.18,1.2,0,5,362.35,363.23,-2
2.6,2,2.4,4,0.2,1,2,3,0.4,0,1.52,2,1,1,3.8,2,1.4,2,1.3,3,0.7,1,1.64,1.8,0.8,1,2,2,1.3,0,1.1,0,0.7,1,1.18,0.8,0.6,2,1.5,2,2.1,4,1.3,2,1.7,1,1.44,2.2,2,6,433.05,667.58,-2
1,1,0.3,0,0.6,1,0.6,1,0.5,0,0.6,0.6,0.5,0,3.7,5,2,2,1.3,2,0.7,1,1.64,2,2.1,3,3,3,0.9,1,2.4,2,1.4,2,1.96,2.2,0.9,0,1.8,2,0.9,0,1.8,1,0.4,0,1.16,0.6,-1,4,310.05,1360,0
2.1,2,1.4,1,0.7,0,0.5,1,0.9,2,1.12,1.2,3,2,3,3,2.2,4,1.8,1,1,1,2.2,2.2,0.7,2,1,0,0.4,0,2.3,1,1.4,1,1.16,0.8,1.5,1,0.3,0,1,1,1.3,2,0.9,0,1,0.8,0,7,518.6,680.55,-1
2.2,4,1.5,5,1,1,2.4,3,1.7,1,1.76,2.8,1.2,0,2.2,2,0.9,2,0.8,1,3.1,3,1.64,1.6,0.7,1,2,0,2.2,4,0.1,0,0.7,1,1.14,1.2,1.1,0,1.1,2,0.3,1,0.4,0,1,1,0.78,0.8,4,9,677.53,1190,2
1.5,1,0.5,0,0.5,2,0.9,0,0.7,1,0.82,0.8,0.5,0,1.5,2,0.3,0,1.1,0,1.4,2,0.96,0.8,3,2,1.4,1,2.1,1,1.3,2,2.3,1,2.02,1.4,3.2,3,3.8,2,2.5,1,2,3,0.5,0,2.4,1.8,-2,8,481.3,253.35,0
2.1,3,2,2,2.1,1,0.5,1,0.8,1,1.5,1.6,1.8,2,2,0,0.4,0,1.7,2,2.3,1,1.64,1,1,1,2.4,4,0.5,2,2.2,5,0.8,1,1.38,2.6,3.7,5,1.5,5,0.7,0,1.2,2,0.7,1,1.56,2.6,-3,15,777.3,526.85,-2
0.9,0,0.7,1,1.3,0,2.3,1,1.5,3,1.34,1,1.1,0,0.2,1,0.9,1,1.3,2,0.8,1,0.86,1,0.5,0,2.2,4,0.2,1,0.5,1,2.8,4,1.24,2,2.1,2,1.8,2,0.6,1,1.3,3,0.8,1,1.32,1.8,-4,12,825,400.7,-2
1.5,2,1.8,2,2.5,1,2.2,5,1,1,1.8,2.2,1.8,1,1,1,2.4,4,1.2,2,1.4,1,1.56,1.8,0.7,3,1.4,1,0.3,0,0.5,1,3.1,3,1.2,1.6,1.1,1,0.2,1,0.2,0,1.7,2,0.9,2,0.82,1.2,3,9,950.95,1160,0
3,3,2.2,4,1.8,1,1,1,1,1,1.8,2,2,2,2.1,1,0.5,1,0.8,1,0.7,0,1.22,1,0.3,0,1,1,1.3,2,0.9,0,0.8,0,0.86,0.6,2.4,4,0.5,2,2.2,5,0.8,1,3.3,2,1.84,2.8,1,6,680.55,777.3,2
2.2,2,0.9,2,0.8,1,3.1,3,0.7,0,1.54,1.6,0.7,1,1.3,0,2.3,1,1.5,3,2.1,0,1.58,1,1.1,2,0.3,1,0.4,0,1,1,1.6,2,0.88,1.2,2.2,4,0.2,1,0.5,1,2.8,4,1.7,2,1.48,2.4,0,6,1190,825,1
2,0,0.9,0,0.4,0,0.6,2,1.1,3,1,1,0.3,0,0.6,1,0.6,1,0.5,0,0.1,0,0.42,0.4,0.5,0,2,2,0.8,1,0.8,2,0.8,1,0.98,1.2,3,3,0.9,1,2.4,2,1.4,2,1.7,0,1.88,1.6,0,7,363.23,310.05,2
0.2,1,0.9,1,1.3,2,0.8,1,1.7,2,0.98,1.4,0.5,0,0.5,2,0.9,0,0.7,1,1.3,2,0.78,1,1.8,2,0.6,1,1.3,3,0.8,1,2.1,0,1.32,1.4,1.4,1,2.1,1,1.3,2,2.3,1,1.1,2,1.64,1.4,0,15,400.7,481.3,-1
0.2,1,2.1,4,1.3,2,2.8,4,1.4,1,1.56,2.4,1,0,0.3,1,2.4,2,0.9,0,0.8,1,1.08,0.8,1,1,1.4,2,0.9,0,1.5,3,0.9,0,1.14,1.2,1.4,1,0.9,2,0.6,1,1,1,1.1,3,1,1.6,0,10,427.85,362.35,-1
1.5,2,0.3,0,1.1,0,1.4,2,1.1,2,1.08,1.2,1.1,2,0.2,0,0.1,0,0.8,2,0.9,0,0.62,0.8,3.8,2,2.5,1,2,3,0.5,0,1.3,2,2.02,1.6,2.2,2,2.4,4,2.4,3,0.6,2,1.4,1,1.8,2.4,-1,11,253.35,270.1,2
1,1,2.4,4,1.2,2,1.4,1,2.6,2,1.72,2,1.5,5,1,1,2.4,3,1.7,1,1.6,2,1.64,2.4,0.2,1,0.2,0,1.7,2,0.9,2,2.4,2,1.08,1.4,2,0,2.2,4,0.1,0,0.7,1,0.7,0,1.14,1,0,10,1160,677.53,1
3.8,2,1.4,2,1.3,3,0.7,1,1.6,2,1.76,2,1.8,2,2.5,1,2.2,5,1,1,2.4,2,1.98,2.2,1.5,2,2.1,4,1.3,2,1.7,1,0.9,0,1.5,1.8,1.4,1,0.3,0,0.5,1,3.1,3,2.6,2,1.58,1.4,1,7,667.58,950.95,1
3.7,5,2,2,1.3,2,0.7,1,1.7,0,1.88,2,1.4,1,0.7,0,0.5,1,0.9,2,0.8,0,0.86,0.8,1.8,2,0.9,0,1.8,1,0.4,0,0.1,0,1,0.6,1,0,0.4,0,2.3,1,1.4,1,1,1,1.22,0.6,-7,15,1360,518.6,2
2,0,0.4,0,1.7,2,2.3,1,3.3,2,1.94,1,2.4,4,0.2,1,2,3,0.4,0,0.9,0,1.18,1.6,1.5,5,0.7,0,1.2,2,0.7,1,0.7,0,0.96,1.6,2,2,1.3,0,1.1,0,0.7,1,1.6,2,1.34,1,-7,15,526.85,433.05,2
1.3,0,2.3,1,1.5,3,2.1,0,0.3,0,1.5,0.8,2.2,4,1.8,1,1,1,1,1,1.4,2,1.48,1.8,0.2,1,0.5,1,2.8,4,1.7,2,0.8,1,1.2,1.8,1,1,1.3,2,0.9,0,0.8,0,0.5,0,0.9,0.6,-5,13,825,680.55,2
0.2,0,0.1,0,0.8,2,0.9,0,1.4,0,0.68,0.4,0.9,1,1.3,2,0.8,1,1.7,2,1.1,1,1.16,1.4,2.4,4,2.4,3,0.6,2,1.4,1,0.8,2,1.52,2.4,0.6,1,1.3,3,0.8,1,2.1,0,1.9,2,1.34,1.4,0,4,270.1,400.7,-2
0.2,1,2,3,0.4,0,0.9,0,1.4,2,0.98,1.2,2.1,4,1.3,2,2.8,4,1.4,1,2.5,2,2.02,2.6,1.3,0,1.1,0,0.7,1,1.6,2,1.7,4,1.28,1.4,1.4,2,0.9,0,1.5,3,0.9,0,1,3,1.14,1.6,-2,9,433.05,427.85,0
0.6,1,0.6,1,0.5,0,0.1,0,1.2,0,0.6,0.4,2.4,4,1.2,2,1.4,1,2.6,2,0.6,1,1.64,2,0.9,1,2.4,2,1.4,2,1.7,0,2.7,2,1.82,1.4,0.2,0,1.7,2,0.9,2,2.4,2,1.5,0,1.34,1.2,0,7,310.05,1160,-1
2.5,1,2.2,5,1,1,2.4,2,2.2,2,2.06,2.2,0.4,0,1.7,2,2.3,1,3.3,2,1.7,4,1.88,1.8,0.3,0,0.5,1,3.1,3,2.6,2,2.2,3,1.74,1.8,0.7,0,1.2,2,0.7,1,0.7,0,1.4,2,0.94,1,1,10,950.95,526.85,0
0.5,2,0.9,0,0.7,1,1.3,2,1.9,2,1.06,1.4,0.9,2,0.8,1,3.1,3,0.7,0,0.8,1,1.26,1.4,2.1,1,1.3,2,2.3,1,1.1,2,1.1,1,1.58,1.4,0.3,1,0.4,0,1,1,1.6,2,0.3,0,0.72,0.8,-2,5,481.3,1190,-1
0.3,1,2.4,2,0.9,0,0.8,1,1,3,1.08,1.4,2,2,1.3,2,0.7,1,1.7,0,1.5,3,1.44,1.6,0.9,2,0.6,1,1,1,1.1,3,2.5,2,1.22,1.8,0.9,0,1.8,1,0.4,0,0.1,0,1.1,1,0.86,0.4,2,0,362.35,1360,-2
1,1,2.4,3,1.7,1,1.6,2,1.5,0,1.64,1.4,0.9,0,0.4,0,0.6,2,1.1,3,2.7,2,1.14,1.4,2.2,4,0.1,0,0.7,1,0.7,0,0.6,1,0.86,1.2,2,2,0.8,1,0.8,2,0.8,1,1.2,0,1.12,1.2,0,10,677.53,363.23,-1
0.7,0,0.5,1,0.9,2,0.8,0,1.1,1,0.8,0.8,0.3,0,1.1,0,1.4,2,1.1,2,0.8,2,0.94,1.2,0.4,0,2.3,1,1.4,1,1,1,1.3,5,1.28,1.6,2.5,1,2,3,0.5,0,1.3,2,1.4,0,1.54,1.2,-2,10,518.6,253.35,2
2.1,1,0.5,1,0.8,1,0.7,0,0.5,0,0.92,0.6,1.4,2,1.3,3,0.7,1,1.6,2,2.2,3,1.44,2.2,0.5,2,2.2,5,0.8,1,3.3,2,1.4,2,1.64,2.4,2.1,4,1.3,2,1.7,1,0.9,0,2.2,2,1.64,1.8,-2,12,777.3,667.58,-3
1,2,0.7,0,2.7,3,2.4,2,1.1,0,1.58,1.4,1.6,2,2.9,2,1.6,1,1.7,0,0.9,1,1.74,1.2,1.4,2,3.1,4,0.5,1,1,3,3,4,1.8,2.8,2.7,3,0.7,0,2.2,3,2.7,2,0.7,0,1.8,1.6,0,10,158.88,187.5,1
1,0,0.7,0,0.9,1,0.8,2,1.3,2,0.94,1,1.9,2,1.3,2,1.5,1,0.7,3,1.1,2,1.3,2,1.3,1,2.9,2,3.7,2,1.9,2,3.2,5,2.6,2.4,2.4,3,1.1,0,2.5,2,1.9,4,1.8,2,1.94,2.2,1,10,57.1,296.3,-2
0.6,1,1.1,1,0.6,0,1.2,2,0.7,0,0.84,0.8,1.7,2,0.6,0,2.6,4,0.7,1,3.4,4,1.8,2.2,1.2,1,0.5,0,1.3,0,0.4,1,0.9,1,0.86,0.6,1.4,0,0.3,0,1.8,2,3.4,5,1.3,2,1.64,1.8,3,9,136.05,508.28,1
1.4,2,0.3,0,1.6,2,0,0,2.9,4,1.24,1.6,2.1,3,1,0,3.7,2,1.4,3,1.2,0,1.88,1.6,1,2,0.6,0,1.1,1,3,5,1.2,3,1.38,2.2,0.4,1,1.5,2,0.9,1,0.7,0,1.1,3,0.92,1.4,-1,8,132,186.2,-1
2.7,3,2.2,2,3.5,4,1.9,4,0.1,1,2.08,2.8,1.7,2,1.1,0,0.3,1,1.9,2,1.1,2,1.22,1.4,1.6,2,1.1,3,0.9,1,0.7,3,1.4,1,1.14,2,3.5,3,1.3,2,3.2,6,0.8,2,2.1,4,2.18,3.4,3,0,623.35,47.13,0
1.2,0,0.5,0,0.5,1,1.4,0,1.1,3,0.94,0.8,1.2,1,2.3,3,1.1,1,1,3,0.6,0,1.24,1.6,1.1,2,1.1,1,2.7,3,0.7,0,1.2,0,1.36,1.2,0.6,1,3.8,3,1.6,2,2.4,2,1.2,2,1.92,2,0,7,65.78,175.13,-3
1.1,2,3.1,4,1.8,2,0.7,0,1.2,2,1.58,2,1.3,1,1.1,3,1.3,0,0.7,0,3,4,1.48,1.6,1.2,0,0.7,0,2.6,4,1.4,3,0.6,0,1.3,1.4,1,0,2.2,2,0.6,0,1.4,0,1.1,0,1.26,0.4,-1,4,72.53,513.7,-1
1.4,0,2.4,3,2.5,2,2.7,2,2.1,4,2.22,2.2,2.4,3,1.5,2,3.2,6,3,5,1.4,1,2.3,3.4,1.7,2,1,1,1.5,1,1.7,0,1.1,2,1.4,1.2,1.9,2,1,0,0.3,1,0,0,0.1,1,0.66,0.8,-1,9,431.25,953.55,0
0.4,1,3.8,3,2.2,3,3.4,5,1.8,2,2.32,2.8,3.5,3,1,1,0.9,1,0.4,1,1.2,3,1.4,1.8,2.1,3,2.3,3,1.6,1,0.7,1,1.1,2,1.56,2,1.7,2,2.4,3,3.5,4,1.2,2,2.9,4,2.34,3,-2,8,365.23,187.1,0
0.6,0,2.6,4,0.7,1,3.4,4,0.7,1,1.6,2,0.5,0,0.5,1,1.4,0,1.1,3,1,0,0.9,0.8,0.3,0,1.8,2,3.4,5,1.3,2,1.5,2,1.66,2.2,1.1,1,2.7,3,0.7,0,1.2,0,1.1,3,1.36,1.4,0,13,508.28,65.78,1
2.2,2,3.5,4,1.9,4,0.1,1,2.1,2,1.96,2.6,2.4,3,2.5,2,2.7,2,2.1,4,1.2,3,2.18,2.8,1.1,3,0.9,1,0.7,3,1.4,1,1.6,2,1.14,2,1,1,1.5,1,1.7,0,1.1,2,2.2,3,1.5,1.4,1,15,623.35,431.25,1
2.3,3,1.1,1,1,3,0.6,0,1.1,3,1.22,2,1.1,3,1.3,0,0.7,0,3,4,1.4,1,1.5,1.6,3.8,3,1.6,2,2.4,2,1.2,2,1,0,2,1.8,2.2,2,0.6,0,1.4,0,1.1,0,1,0,1.26,0.4,1,10,175.13,513.7,-2
1,0,3.7,2,1.4,3,1.2,0,1,1,1.66,1.2,0.7,0,2.7,3,2.4,2,1.1,0,1.3,2,1.64,1.4,1.5,2,0.9,1,0.7,0,1.1,3,1,0,1.04,1.2,3.1,4,0.5,1,1,3,3,4,0.5,1,1.62,2.6,-1,13,186.2,158.88,2
1,1,0.9,1,0.4,1,1.2,3,0.9,1,0.88,1.4,0.7,0,0.9,1,0.8,2,1.3,2,1.7,1,1.08,1.2,2.4,3,3.5,4,1.2,2,2.9,4,1.9,1,2.38,2.8,2.9,2,3.7,2,1.9,2,3.2,5,2.4,3,2.82,2.8,-1,9,187.1,57.1,2
2.9,2,1.6,1,1.7,0,0.9,1,0.5,1,1.52,1,3.1,4,1.8,2,0.7,0,1.2,2,1,0,1.56,1.6,0.7,0,2.2,3,2.7,2,0.7,0,1.3,2,1.52,1.4,0.7,0,2.6,4,1.4,3,0.6,0,1.4,1,1.34,1.6,2,6,187.5,72.53,1
1.5,2,3.2,6,3,5,1.4,1,2.2,3,2.26,3.4,3.8,3,2.2,3,3.4,5,1.8,2,1.9,1,2.62,2.8,1,0,0.3,1,0,0,0.1,1,1.2,3,0.52,1,2.3,3,1.6,1,0.7,1,1.1,2,0.9,1,1.32,1.6,0,11,953.55,365.23,4
1.1,0,0.3,1,1.9,2,1.1,2,1.6,2,1.2,1.4,1.1,1,0.6,0,1.2,2,0.7,0,1.5,2,1.02,1,1.3,2,3.2,6,0.8,2,2.1,4,2.1,2,1.9,3.2,0.5,0,1.3,0,0.4,1,0.9,1,0.7,0,0.76,0.4,0,4,47.13,136.05,0
1.3,2,1.5,1,0.7,3,1.1,2,2.4,3,1.4,2.2,0.3,0,1.6,2,0,0,2.9,4,1,0,1.16,1.2,1.1,0,2.5,2,1.9,4,1.8,2,1.7,1,1.8,1.8,0.6,0,1.1,1,3,5,1.2,3,1,1,1.38,2,0,6,296.3,132,-2
1.1,1,1,3,0.6,0,1.1,3,0.6,0,0.88,1.4,1.6,1,1.7,0,0.9,1,0.5,1,3.6,3,1.66,1.2,1.6,2,2.4,2,1.2,2,1,0,1.9,2,1.62,1.6,2.2,3,2.7,2,0.7,0,1.3,2,2,2,1.78,1.8,0,5,175.13,187.5,0
0.5,1,1.4,0,1.1,3,1,0,0.6,1,0.92,1,1.5,1,0.7,3,1.1,2,2.4,3,1.8,2,1.5,2.2,2.7,3,0.7,0,1.2,0,1.1,3,2.6,2,1.66,1.6,2.5,2,1.9,4,1.8,2,1.7,1,2,4,1.98,2.6,2,8,65.78,296.3,0
2.2,3,3.4,5,1.8,2,1.9,1,0.5,0,1.96,2.2,0.3,1,1.9,2,1.1,2,1.6,2,1.3,0,1.24,1.4,1.6,1,0.7,1,1.1,2,0.9,1,3.2,4,1.5,1.8,3.2,6,0.8,2,2.1,4,2.1,2,1.1,2,1.86,3.2,-2,0,365.23,47.13,1
2.7,3,2.4,2,1.1,0,1.3,2,0.6,1,1.62,1.6,2.6,4,0.7,1,3.4,4,0.7,1,2.6,2,2,2.4,0.5,1,1,3,3,4,0.5,1,0.8,3,1.16,2.4,1.8,2,3.4,5,1.3,2,1.5,2,0.6,1,1.72,2.4,3,5,158.88,508.28,1
1.3,0,0.7,0,3,4,1.4,1,1.9,2,1.66,1.4,3.7,2,1.4,3,1.2,0,1,1,0.8,3,1.62,1.8,0.6,0,1.4,0,1.1,0,1,0,0.6,0,0.94,0,0.9,1,0.7,0,1.1,3,1,0,0.6,1,0.86,1,-4,11,513.7,186.2,2
1.6,2,0,0,2.9,4,1,0,2,4,1.5,2,3.5,4,1.9,4,0.1,1,2.1,2,3.8,2,2.28,2.6,1.1,1,3,5,1.2,3,1,1,1.8,2,1.62,2.4,0.9,1,0.7,3,1.4,1,1.6,2,1.9,1,1.3,1.6,3,1,132,623.35,0
0.9,1,0.8,2,1.3,2,1.7,1,2.7,1,1.48,1.4,3.2,6,3,5,1.4,1,2.2,3,3.2,4,2.6,3.8,3.7,2,1.9,2,3.2,5,2.4,3,2.5,3,2.74,3,0.3,1,0,0,0.1,1,1.2,3,0.5,0,0.42,1,4,6,57.1,953.55,-5
0.6,0,1.2,2,0.7,0,1.5,2,1.1,2,1.02,1.2,2.5,2,2.7,2,2.1,4,1.2,3,1.9,1,2.08,2.4,1.3,0,0.4,1,0.9,1,0.7,0,1.3,0,0.92,0.4,1.5,1,1.7,0,1.1,2,2.2,3,3.8,2,2.06,1.6,4,7,136.05,431.25,0
1.8,2,0.7,0,1.2,2,1,0,2,2,1.34,1.2,0.9,1,0.4,1,1.2,3,0.9,1,2.5,3,1.18,1.8,2.6,4,1.4,3,0.6,0,1.4,1,3.6,3,1.92,2.2,3.5,4,1.2,2,2.9,4,1.9,1,2.7,1,2.44,2.4,0,3,72.53,187.1,0
1.9,4,0.1,1,2.1,2,3.8,2,1.3,2,1.84,2.2,3.4,5,1.8,2,1.9,1,0.5,0,1.6,2,1.84,2,0.7,3,1.4,1,1.6,2,1.9,1,1.6,2,1.44,1.8,0.7,1,1.1,2,0.9,1,3.2,4,0.5,1,1.28,1.8,0,13,623.35,365.23,0
0.7,3,1.1,2,2.4,3,1.8,2,1.1,0,1.42,2,2.4,2,1.1,0,1.3,2,0.6,1,0.6,2,1.2,1.4,1.9,4,1.8,2,1.7,1,2,4,0.8,0,1.64,2.2,1,3,3,4,0.5,1,0.8,3,1,1,1.26,2.4,0,6,296.3,158.88,0
3,5,1.4,1,2.2,3,3.2,4,2.2,5,2.4,3.6,1.2,2,0.7,0,1.5,2,1.1,2,1.4,1,1.18,1.4,0,0,0.1,1,1.2,3,0.5,0,0.6,0,0.48,0.8,0.4,1,0.9,1,0.7,0,1.3,0,1.5,1,0.96,0.6,0,13,953.55,136.05,3
2.7,2,2.1,4,1.2,3,1.9,1,1.5,1,1.88,2.2,0.8,2,1.3,2,1.7,1,2.7,1,0.6,0,1.42,1.2,1.7,0,1.1,2,2.2,3,3.8,2,1.4,1,2.04,1.6,1.9,2,3.2,5,2.4,3,2.5,3,2.2,5,2.44,3.6,-3,11,431.25,57.1,5
1.9,2,1.1,2,1.6,2,1.3,0,0.5,1,1.28,1.4,0.7,0,1.2,2,1,0,2,2,1.5,0,1.28,0.8,0.8,2,2.1,4,2.1,2,1.1,2,1.6,2,1.54,2.4,1.4,3,0.6,0,1.4,1,3.6,3,0.7,0,1.54,1.4,1,6,47.13,72.53,1
0.4,1,1.2,3,0.9,1,2.5,3,0.7,0,1.14,1.6,1.4,0,1.1,3,1,0,0.6,1,0.8,0,0.98,0.8,1.2,2,2.9,4,1.9,1,2.7,1,1.5,0,2.04,1.6,0.7,0,1.2,0,1.1,3,2.6,2,1.1,0,1.34,1,-1,2,187.1,65.78,-2
0.7,1,3.4,4,0.7,1,2.6,2,1,1,1.68,1.8,0.7,0,3,4,1.4,1,1.9,2,1.8,3,1.76,2,3.4,5,1.3,2,1.5,2,0.6,1,0.6,2,1.48,2.4,1.4,0,1.1,0,1,0,0.6,0,1.7,1,1.16,0.2,0,7,508.28,513.7,1
1.4,3,1.2,0,1,1,0.8,3,1.7,1,1.22,1.6,1,3,0.6,0,1.1,3,0.6,0,1.7,1,1,1.4,0.7,0,1.1,3,1,0,0.6,1,1.8,3,1.04,1.4,2.4,2,1.2,2,1,0,1.9,2,0.7,1,1.44,1.4,0,8,186.2,175.13,0
1.7,0,0.9,1,0.5,1,3.6,3,0.7,1,1.48,1.2,0,0,2.9,4,1,0,2,4,1.6,2,1.5,2,2.7,2,0.7,0,1.3,2,2,2,1.7,1,1.68,1.4,3,5,1.2,3,1,1,1.8,2,1.3,2,1.66,2.6,0,8,187.5,132,3
0.7,0,1.5,2,1.1,2,1.4,1,0.5,0,1.04,1,1.2,0,1,1,0.8,3,1.7,1,0.8,0,1.1,1,0.9,1,0.7,0,1.3,0,1.5,1,2.5,3,1.38,1,1.1,3,1,0,0.6,1,1.8,3,0.5,0,1,1.4,1,11,136.05,186.2,0
1.3,2,1.7,1,2.7,1,0.6,0,1.8,2,1.62,1.2,0.1,1,2.1,2,3.8,2,1.3,2,2.2,0,1.9,1.4,3.2,5,2.4,3,2.5,3,2.2,5,3.5,7,2.76,4.6,1.4,1,1.6,2,1.9,1,1.6,2,0.3,0,1.36,1.2,3,6,57.1,623.35,0
2.9,4,1,0,2,4,1.6,2,1.4,1,1.78,2.2,1.1,2,1.6,2,1.3,0,0.5,1,1.1,1,1.12,1.2,1.2,3,1,1,1.8,2,1.3,2,2.5,4,1.56,2.4,2.1,4,2.1,2,1.1,2,1.6,2,1.2,0,1.62,2,-1,0,132,47.13,1
0.6,0,1.1,3,0.6,0,1.7,1,0.5,0,0.9,0.8,3.4,4,0.7,1,2.6,2,1,1,2,2,1.94,2,1.2,2,1,0,1.9,2,0.7,1,0.8,0,1.12,1,1.3,2,1.5,2,0.6,1,0.6,2,0.5,1,0.9,1.6,2,3,175.13,508.28,2
1.1,3,1,0,0.6,1,0.8,0,0.9,2,0.88,1.2,1.4,1,2.2,3,3.2,4,2.2,5,2.5,3,2.3,3.2,1.2,0,1.1,3,2.6,2,1.1,0,0.7,0,1.34,1,0.1,1,1.2,3,0.5,0,0.6,0,0.5,0,0.58,0.8,4,3,65.78,953.55,-1
3,4,1.4,1,1.9,2,1.8,3,0.5,1,1.72,2.2,0.9,1,0.5,1,3.6,3,0.7,1,2.5,4,1.64,2,1.1,0,1,0,0.6,0,1.7,1,2,2,1.28,0.6,0.7,0,1.3,2,2,2,1.7,1,1.4,1,1.42,1.2,-2,13,513.7,187.5,0
1.1,0,1.3,2,0.6,1,0.6,2,0.5,1,0.82,1.2,1.2,3,0.9,1,2.5,3,0.7,0,0.7,0,1.2,1.4,3,4,0.5,1,0.8,3,1,1,1.2,1,1.3,2,2.9,4,1.9,1,2.7,1,1.5,0,0.9,2,1.98,1.6,5,10,158.88,187.1,0
1.8,2,1.9,1,0.5,0,1.6,2,0.3,0,1.22,1,2.1,4,1.2,3,1.9,1,1.5,1,3.5,7,2.04,3.2,1.1,2,0.9,1,3.2,4,0.5,1,2.2,0,1.58,1.6,1.1,2,2.2,3,3.8,2,1.4,1,1.8,2,2.06,2,1,4,365.23,431.25,-1
1.2,2,1,0,2,2,1.5,0,1.2,0,1.38,0.8,1.1,2,2.4,3,1.8,2,1.1,0,1.2,1,1.52,1.6,0.6,0,1.4,1,3.6,3,0.7,0,1.1,1,1.48,1,1.8,2,1.7,1,2,4,0.8,0,0.5,1,1.36,1.6,-5,1,72.53,296.3,-2
2.2,3,3.2,4,2.2,5,2.5,3,0.8,1,2.18,3.2,1.3,2,0.6,1,0.6,2,0.5,1,0.9,0,0.78,1.2,1.2,3,0.5,0,0.6,0,0.5,0,0.1,0,0.58,0.6,0.5,1,0.8,3,1,1,1.2,1,0.5,0,0.8,1.2,1,15,953.55,158.88,3
2.4,3,1.8,2,1.1,0,1.2,1,1.5,3,1.6,1.8,1.5,2,1.1,2,1.4,1,0.5,0,0.7,0,1.04,1,1.7,1,2,4,0.8,0,0.5,1,2.4,1,1.48,1.4,0.7,0,1.3,0,1.5,1,2.5,3,1.7,0,1.54,0.8,-2,13,296.3,136.05,1
2.1,2,3.8,2,1.3,2,2.2,0,1.2,1,2.12,1.4,1,0,2,2,1.5,0,1.2,0,2.4,1,1.62,0.6,1.6,2,1.9,1,1.6,2,0.3,0,0.7,1,1.22,1.2,1.4,1,3.6,3,0.7,0,1.1,1,1.5,3,1.66,1.6,1,3,623.35,72.53,3
0.9,1,2.5,3,0.7,0,0.7,0,0.5,0,1.06,0.8,1.4,1,1.9,2,1.8,3,0.5,1,1,0,1.32,1.4,1.9,1,2.7,1,1.5,0,0.9,2,0.9,0,1.58,0.8,1,0,0.6,0,1.7,1,2,2,0.9,0,1.24,0.6,-1,4,187.1,513.7,1
1.9,1,0.5,0,1.6,2,0.3,0,2.5,2,1.36,1,1.7,1,2.7,1,0.6,0,1.8,2,0.7,1,1.5,1,0.9,1,3.2,4,0.5,1,2.2,0,1.3,3,1.62,1.8,2.4,3,2.5,3,2.2,5,3.5,7,1.2,1,2.36,3.8,-1,11,365.23,57.1,2
0.7,1,2.6,2,1,1,2,2,0.9,1,1.44,1.4,1,1,0.8,3,1.7,1,0.8,0,1.7,0,1.2,1,1.5,2,0.6,1,0.6,2,0.5,1,2,3,1.04,1.8,1,0,0.6,1,1.8,3,0.5,0,0.7,0,0.92,0.8,-1,15,508.28,186.2,4
1.2,3,1.9,1,1.5,1,3.5,7,1.3,3,1.88,3,1,0,2,4,1.6,2,1.4,1,1.7,2,1.54,1.8,2.2,3,3.8,2,1.4,1,1.8,2,2.5,2,2.34,2,1,1,1.8,2,1.3,2,2.5,4,0.7,1,1.46,2,-1,9,431.25,132,1
1.6,2,1.3,0,0.5,1,1.1,1,0.7,1,1.04,1,1.1,3,0.6,0,1.7,1,0.5,0,2,3,1.18,1.4,2.1,2,1.1,2,1.6,2,1.2,0,1.7,2,1.54,1.6,1,0,1.9,2,0.7,1,0.8,0,0.9,1,1.06,0.8,0,3,47.13,175.13,-3
0.5,1,3.6,3,0.7,1,2.5,4,0.9,0,1.64,1.8,1,0,0.6,1,0.8,0,0.9,2,0.1,0,0.68,0.6,1.3,2,2,2,1.7,1,1.4,1,1,0,1.48,1.2,1.1,3,2.6,2,1.1,0,0.7,0,0.8,1,1.26,1.2,0,5,187.5,65.78,2
0.6,1,0.8,0,0.9,2,0.1,0,1.1,0,0.7,0.6,1.3,0,0.5,1,1.1,1,0.7,1,0.4,0,0.8,0.6,2.6,2,1.1,0,0.7,0,0.8,1,2.3,2,1.5,1,1.1,2,1.6,2,1.2,0,1.7,2,2.2,3,1.56,1.8,0,11,65.78,47.13,2
1.9,2,1.8,3,0.5,1,1,0,1.6,3,1.36,1.8,1.8,2,1.1,0,1.2,1,1.5,3,0.6,1,1.24,1.4,0.6,0,1.7,1,2,2,0.9,0,2,4,1.44,1.4,2,4,0.8,0,0.5,1,2.4,1,0.5,0,1.24,1.2,-3,13,513.7,296.3,-4
0.8,3,1.7,1,0.8,0,1.7,0,0.8,0,1.16,0.8,3.6,3,0.7,1,2.5,4,0.9,0,2.3,2,2,2,0.6,1,1.8,3,0.5,0,0.7,0,1.3,4,0.98,1.6,2,2,1.7,1,1.4,1,1,0,1.1,0,1.44,0.8,1,7,186.2,187.5,2
1.8,2,1.1,0,1.2,1,1.5,3,0.5,0,1.22,1.2,3.8,2,1.3,2,2.2,0,1.2,1,2.2,5,2.14,2,1.3,0,1.5,1,2.5,3,1.7,0,0.6,1,1.52,1,1.9,1,1.6,2,0.3,0,0.7,1,1.1,2,1.12,1.2,3,5,136.05,623.35,-1
2,4,1.6,2,1.4,1,1.7,2,0.4,0,1.42,1.8,0.5,0,1.6,2,0.3,0,2.5,2,1.7,2,1.32,1.2,1.8,2,1.3,2,2.5,4,0.7,1,1.1,1,1.48,2,3.2,4,0.5,1,2.2,0,1.3,3,0.7,0,1.58,1.6,4,8,132,365.23,0
0.6,1,0.6,2,0.5,1,0.9,0,0.1,0,0.54,0.8,2.7,1,0.6,0,1.8,2,0.7,1,0.7,0,1.3,0.8,0.8,3,1,1,1.2,1,0.5,0,3.7,3,1.44,1.6,2.5,3,2.2,5,3.5,7,1.2,1,1.7,2,2.22,3.6,1,1,158.88,57.1,1
2.6,2,1,1,2,2,0.9,1,1.3,4,1.56,2,3.2,4,2.2,5,2.5,3,0.8,1,3.7,3,2.48,3.2,0.6,1,0.6,2,0.5,1,2,3,0.8,0,0.9,1.4,0.5,0,0.6,0,0.5,0,0.1,0,0.1,0,0.36,0,-1,1,508.28,953.55,0
0.6,0,1.7,1,0.5,0,2,3,2.2,3,1.4,1.4,2.5,3,0.7,0,0.7,0,0.5,0,2,4,1.28,1.4,1.9,2,0.7,1,0.8,0,0.9,1,0.4,0,0.94,0.8,2.7,1,1.5,0,0.9,2,0.9,0,1.6,3,1.52,1.2,4,11,175.13,187.1,2
2,2,1.5,0,1.2,0,2.4,1,1.1,2,1.64,1,1.9,1,1.5,1,3.5,7,1.3,3,1.1,1,1.86,2.6,3.6,3,0.7,0,1.1,1,1.5,3,2.2,5,1.82,2.4,3.8,2,1.4,1,1.8,2,2.5,2,0.4,0,1.98,1.4,0,3,72.53,431.25,-4
1.6,2,0.3,0,2.5,2,1.7,2,1.8,2,1.58,1.6,1.1,0,1.2,1,1.5,3,0.5,0,0.7,1,1,1,0.5,1,2.2,0,1.3,3,0.7,0,1.6,2,1.26,1.2,1.5,1,2.5,3,1.7,0,0.6,1,0.9,2,1.44,1.4,-3,8,365.23,136.05,1
0.6,0,1.8,2,0.7,1,0.7,0,0.3,0,0.82,0.6,1.6,2,1.4,1,1.7,2,0.4,0,1.6,2,1.34,1.4,2.2,5,3.5,7,1.2,1,1.7,2,1.9,1,2.1,3.2,1.3,2,2.5,4,0.7,1,1.1,1,1.8,2,1.48,2,3,3,57.1,132,-1
0.5,1,1.1,1,0.7,1,0.4,0,1.2,1,0.78,0.8,1.8,3,0.5,1,1,0,1.6,3,1,1,1.18,1.6,1.6,2,1.2,0,1.7,2,2.2,3,1.3,3,1.6,2,1.7,1,2,2,0.9,0,2,4,2.2,5,1.76,2.4,4,3,47.13,513.7,-2
1.3,2,2.2,0,1.2,1,2.2,5,0.9,2,1.56,2,0.8,0,0.9,2,0.1,0,1.1,0,1.3,3,0.84,1,1.6,2,0.3,0,0.7,1,1.1,2,0.7,1,0.88,1.2,1.1,0,0.7,0,0.8,1,2.3,2,1.2,1,1.22,0.8,-4,11,623.35,65.78,1
1.5,1,3.5,7,1.3,3,1.1,1,2.6,4,2,3.2,0.6,2,0.5,1,0.9,0,0.1,0,1.9,1,0.8,0.8,1.4,1,1.8,2,2.5,2,0.4,0,0.7,0,1.36,1,1,1,1.2,1,0.5,0,3.7,3,0.3,0,1.34,1,0,11,431.25,158.88,0
2.2,5,2.5,3,0.8,1,3.7,3,1.5,1,2.14,2.6,1.5,0,1.2,0,2.4,1,1.1,2,0.7,0,1.38,0.6,0.6,0,0.5,0,0.1,0,0.1,0,0.6,1,0.38,0.2,0.7,0,1.1,1,1.5,3,2.2,5,2.6,4,1.62,2.6,-2,6,953.55,72.53,2
0.7,1,2.5,4,0.9,0,2.3,2,1.5,1,1.58,1.6,1,1,2,2,0.9,1,1.3,4,1.3,4,1.3,2.4,1.7,1,1.4,1,1,0,1.1,0,1.6,3,1.36,1,0.6,2,0.5,1,2,3,0.8,0,0.8,0,0.94,1.2,0,9,187.5,508.28,0
1.1,0,1.2,1,1.5,3,0.6,1,2.2,5,1.32,2,1.7,1,0.5,0,2,3,2.2,3,2.2,2,1.72,1.8,0.8,0,0.5,1,2.4,1,0.5,0,1,1,1.04,0.6,0.7,1,0.8,0,0.9,1,0.4,0,0.4,0,0.64,0.4,-3,9,296.3,175.13,1
0.7,0,0.7,0,0.5,0,2,4,0.4,0,0.86,0.8,1.7,1,0.8,0,1.7,0,0.8,0,1.6,3,1.32,0.8,1.5,0,0.9,2,0.9,0,1.6,3,2.2,2,1.42,1.4,1.8,3,0.5,0,0.7,0,1.3,4,1.5,1,1.16,1.6,-1,1,187.1,186.2,0
0.8,0,1.7,0,0.8,0,1.6,3,1,1,1.18,0.8,1.2,1,1.5,3,0.6,1,2.2,5,1.2,4,1.34,2.8,0.5,0,0.7,0,1.3,4,1.5,1,1.4,1,1.08,1.2,0.5,1,2.4,1,0.5,0,1,1,2.6,3,1.4,1.2,0,11,186.2,296.3,1
0.5,1,0.9,0,0.1,0,1.9,1,0.6,2,0.8,0.8,2.2,0,1.2,1,2.2,5,0.9,2,0.9,2,1.48,2,1.2,1,0.5,0,3.7,3,0.3,0,1.7,2,1.48,1.2,0.3,0,0.7,1,1.1,2,0.7,1,1.8,1,0.92,1,3,4,158.88,623.35,-2
0.5,0,2,3,2.2,3,2.2,2,2.6,3,1.9,2.2,2.5,3,0.8,1,3.7,3,1.5,1,2.4,4,2.18,2.4,0.8,0,0.9,1,0.4,0,0.4,0,1.2,4,0.74,1,0.5,0,0.1,0,0.1,0,0.6,1,1.3,2,0.52,0.6,2,6,175.13,953.55,1
1.2,1,1.5,3,0.5,0,0.7,1,1.4,2,1.06,1.4,1.8,2,0.7,1,0.7,0,0.3,0,1.2,0,0.94,0.6,2.5,3,1.7,0,0.6,1,0.9,2,2.1,3,1.56,1.8,3.5,7,1.2,1,1.7,2,1.9,1,0.8,1,1.82,2.4,1,10,136.05,57.1,-2
2.5,4,0.9,0,2.3,2,1.5,1,1.1,1,1.66,1.6,1.1,1,0.7,1,0.4,0,1.2,1,1.2,0,0.92,0.6,1.4,1,1,0,1.1,0,1.6,3,1.5,1,1.32,1,1.2,0,1.7,2,2.2,3,1.3,3,1.6,2,1.6,2,0,3,187.5,47.13,3
0.9,2,0.1,0,1.1,0,1.3,3,1.8,1,1.04,1.2,1.4,1,1.7,2,0.4,0,1.6,2,0.8,1,1.18,1.2,0.7,0,0.8,1,2.3,2,1.2,1,0.9,2,1.18,1.2,2.5,4,0.7,1,1.1,1,1.8,2,1.2,0,1.46,1.6,0,8,65.78,132,-2
1.2,0,2.4,1,1.1,2,0.7,0,1.3,2,1.34,1,0.3,0,2.5,2,1.7,2,1.8,2,2.1,3,1.68,1.8,1.1,1,1.5,3,2.2,5,2.6,4,2.4,4,1.96,3.4,2.2,0,1.3,3,0.7,0,1.6,2,1.4,2,1.44,1.4,-1,7,72.53,365.23,-2
2,2,0.9,1,1.3,4,1.3,4,1.5,1,1.4,2.4,0.7,0,0.5,0,2,4,0.4,0,1.4,1,1,1,0.5,1,2,3,0.8,0,0.8,0,1.1,1,1.04,1,0.9,2,0.9,0,1.6,3,2.2,2,1,1,1.32,1.6,1,10,508.28,187.1,0
0.5,1,1,0,1.6,3,1,1,1.6,2,1.14,1.4,3.5,7,1.3,3,1.1,1,2.6,4,1.7,2,2.04,3.4,2,2,0.9,0,2,4,2.2,5,1.2,0,1.66,2.2,1.8,2,2.5,2,0.4,0,0.7,0,0.6,2,1.2,1.2,2,10,513.7,431.25,1
0.8,1,3.7,3,1.5,1,2.4,4,1.4,1,1.96,2,1,0,1.6,3,1,1,1.6,2,1.9,2,1.42,1.6,0.1,0,0.1,0,0.6,1,1.3,2,1,2,0.62,1,0.9,0,2,4,2.2,5,1.2,0,0.9,1,1.44,2,1,7,953.55,513.7,4
1.7,2,0.4,0,1.6,2,0.8,1,1,2,1.1,1.4,1.5,3,0.5,0,0.7,1,1.4,2,2.5,0,1.32,1.2,0.7,1,1.1,1,1.8,2,1.2,0,0.6,0,1.08,0.8,1.7,0,0.6,1,0.9,2,2.1,3,1,2,1.26,1.6,0,3,132,136.05,3
1.3,3,1.1,1,2.6,4,1.7,2,0.9,1,1.52,2.2,2,3,2.2,3,2.2,2,2.6,3,1,2,2,2.6,2.5,2,0.4,0,0.7,0,0.6,2,1.9,2,1.22,1.2,0.9,1,0.4,0,0.4,0,1.2,4,1.4,1,0.86,1.2,-1,10,431.25,175.13,-2
2.5,2,1.7,2,1.8,2,2.1,3,2.3,3,2.08,2.4,0.1,0,1.1,0,1.3,3,1.8,1,0.6,0,0.98,0.8,1.3,3,0.7,0,1.6,2,1.4,2,1,1,1.2,1.6,0.8,1,2.3,2,1.2,1,0.9,2,1,2,1.24,1.6,-1,15,365.23,65.78,-1
0.5,0,2,4,0.4,0,1.4,1,1,1,1.06,1.2,0.9,0,2.3,2,1.5,1,1.1,1,2.4,4,1.64,1.6,0.9,0,1.6,3,2.2,2,1,1,0.5,1,1.24,1.4,1,0,1.1,0,1.6,3,1.5,1,0.6,1,1.16,1,-1,7,187.1,187.5,-1
0.7,1,0.4,0,1.2,1,1.2,0,0.6,1,0.82,0.6,0.9,0,0.1,0,1.9,1,0.6,2,0.6,0,0.82,0.6,1.7,2,2.2,3,1.3,3,1.6,2,2.4,4,1.84,2.8,0.5,0,3.7,3,0.3,0,1.7,2,0.8,2,1.4,1.4,0,0,47.13,158.88,4
1.2,1,2.2,5,0.9,2,0.9,2,0.8,2,1.2,2.4,1.7,0,0.8,0,1.6,3,1,1,2.1,3,1.44,1.4,0.7,1,1.1,2,0.7,1,1.8,1,0.6,0,0.98,1,0.7,0,1.3,4,1.5,1,1.4,1,1.8,2,1.34,1.6,-1,7,623.35,186.2,4
0.7,1,0.7,0,0.3,0,1.2,0,1,2,0.78,0.6,2.4,1,1.1,2,0.7,0,1.3,2,1,1,1.3,1.2,1.2,1,1.7,2,1.9,1,0.8,1,2.5,0,1.62,1,1.5,3,2.2,5,2.6,4,2.4,4,2.3,3,2.2,3.8,5,10,57.1,72.53,2
1.5,3,0.6,1,2.2,5,1.2,4,1.8,2,1.46,3,0.9,1,1.3,4,1.3,4,1.5,1,0.5,1,1.1,2.2,2.4,1,0.5,0,1,1,2.6,3,2.1,3,1.72,1.6,2,3,0.8,0,0.8,0,1.1,1,1,1,1.14,1,2,7,296.3,508.28,-2
1.3,4,1.3,4,1.5,1,0.5,1,2.7,3,1.46,2.6,2.2,5,0.9,2,0.9,2,0.8,2,2.8,5,1.52,3.2,0.8,0,0.8,0,1.1,1,1,1,1.5,1,1.04,0.6,1.1,2,0.7,1,1.8,1,0.6,0,0.7,1,0.98,1,-1,10,508.28,623.35,-1
2.2,3,2.2,2,2.6,3,1,2,0.6,3,1.72,2.6,0.7,0,0.3,0,1.2,0,1,2,1.6,2,0.96,0.8,0.4,0,0.4,0,1.2,4,1.4,1,2.4,1,1.16,1.2,1.7,2,1.9,1,0.8,1,2.5,0,0.6,0,1.5,0.8,1,12,175.13,57.1,2
1.1,0,1.3,3,1.8,1,0.6,0,2.2,1,1.4,1,1.1,1,2.6,4,1.7,2,0.9,1,2.4,1,1.74,1.8,2.3,2,1.2,1,0.9,2,1,2,2.1,0,1.5,1.4,0.4,0,0.7,0,0.6,2,1.9,2,0.6,3,0.84,1.4,0,7,65.78,431.25,-1
1.1,2,0.7,0,1.3,2,1,1,0.6,0,0.94,1,0.5,0,0.7,1,1.4,2,2.5,0,1.3,1,1.28,0.8,2.2,5,2.6,4,2.4,4,2.3,3,1.6,2,2.22,3.6,0.6,1,0.9,2,2.1,3,1,2,2.3,4,1.38,2.4,0,15,72.53,136.05,2
0.8,0,1.6,3,1,1,2.1,3,0.7,1,1.24,1.6,0.4,0,1.2,1,1.2,0,0.6,1,1.7,5,1.02,1.4,1.3,4,1.5,1,1.4,1,1.8,2,2.8,5,1.76,2.6,2.2,3,1.3,3,1.6,2,2.4,4,1.5,1,1.8,2.6,0,0,186.2,47.13,1
2,4,0.4,0,1.4,1,1,1,3.5,1,1.66,1.4,0.6,1,2.2,5,1.2,4,1.8,2,1.5,1,1.46,2.6,1.6,3,2.2,2,1,1,0.5,1,0.7,2,1.2,1.8,0.5,0,1,1,2.6,3,2.1,3,2.7,3,1.78,2,1,9,187.1,296.3,-1
2.3,2,1.5,1,1.1,1,2.4,4,0.7,2,1.6,2,3.7,3,1.5,1,2.4,4,1.4,1,3.3,5,2.46,2.8,1.1,0,1.6,3,1.5,1,0.6,1,3.5,1,1.66,1.2,0.1,0,0.6,1,1.3,2,1,2,0.4,1,0.68,1.2,-1,10,187.5,953.55,-1
1.6,3,1,1,1.6,2,1.9,2,0.4,1,1.3,1.8,0.4,0,1.6,2,0.8,1,1,2,2.3,4,1.22,1.8,2,4,2.2,5,1.2,0,0.9,1,3.3,5,1.92,3,1.1,1,1.8,2,1.2,0,0.6,0,1.3,1,1.2,0.8,1,11,513.7,132,2
0.1,0,1.9,1,0.6,2,0.6,0,1.5,1,0.94,0.8,1.7,2,1.8,2,2.1,3,2.3,3,2.1,0,2,2,3.7,3,0.3,0,1.7,2,0.8,2,1.7,5,1.64,2.4,0.7,0,1.6,2,1.4,2,1,1,2.2,1,1.38,1.2,-1,13,158.88,365.23,-1
1.2,1,1.2,0,0.6,1,1.7,5,1.8,2,1.3,1.8,1.3,4,1.5,1,0.5,1,2.7,3,1.3,2,1.46,2.2,1.3,3,1.6,2,2.4,4,1.5,1,0.7,3,1.5,2.6,0.8,0,1.1,1,1,1,1.5,1,1.6,3,1.2,1.2,-1,0,47.13,508.28,2
2.2,5,1.2,4,1.8,2,1.5,1,0.7,1,1.48,2.6,1.5,1,1.1,1,2.4,4,0.7,2,0.4,0,1.22,1.6,1,1,2.6,3,2.1,3,2.7,3,0.9,0,1.86,2,1.6,3,1.5,1,0.6,1,3.5,1,4.3,1,2.3,1.4,0,5,296.3,187.5,4
0.9,2,0.9,2,0.8,2,2.8,5,1.6,3,1.4,2.8,2.2,2,2.6,3,1,2,0.6,3,1.9,2,1.66,2.4,0.7,1,1.8,1,0.6,0,0.7,1,1.3,2,1.02,1,0.4,0,1.2,4,1.4,1,2.4,1,0.6,0,1.2,1.2,1,10,623.35,175.13,1
2.6,4,1.7,2,0.9,1,2.4,1,1.5,1,1.82,1.8,1.6,3,1,1,2.1,3,0.7,1,0.7,3,1.22,2.2,0.7,0,0.6,2,1.9,2,0.6,3,2.2,0,1.2,1.4,1.5,1,1.4,1,1.8,2,2.8,5,1.8,2,1.86,2.2,0,7,431.25,186.2,3
0.3,0,1.2,0,1,2,1.6,2,0.6,0,0.94,0.8,1.3,3,1.8,1,0.6,0,2.2,1,2.2,0,1.62,1,1.9,1,0.8,1,2.5,0,0.6,0,1.9,2,1.54,0.8,1.2,1,0.9,2,1,2,2.1,0,1.5,1,1.34,1.2,0,4,57.1,65.78,1
0.7,1,1.4,2,2.5,0,1.3,1,1.1,0,1.4,0.8,1.9,1,0.6,2,0.6,0,1.5,1,0.3,0,0.98,0.8,0.9,2,2.1,3,1,2,2.3,4,1.4,2,1.54,2.6,0.3,0,1.7,2,0.8,2,1.7,5,2.4,1,1.38,2,1,6,136.05,158.88,-2
1.8,2,2.1,3,2.3,3,2.1,0,2.4,1,2.14,1.8,1,1,1.6,2,1.9,2,0.4,1,2.1,4,1.4,2,1.6,2,1.4,2,1,1,2.2,1,0.3,0,1.3,1.2,2.2,5,1.2,0,0.9,1,3.3,5,1.5,2,1.82,2.6,0,4,365.23,513.7,1
1.6,2,0.8,1,1,2,2.3,4,1.5,2,1.44,2.2,0.7,0,1.3,2,1,1,0.6,0,1.4,2,1,1,1.8,2,1.2,0,0.6,0,1.3,1,2.1,4,1.4,1.4,2.6,4,2.4,4,2.3,3,1.6,2,1.1,0,2,2.6,-1,7,132,72.53,0
1.5,1,2.4,4,1.4,1,3.3,5,4.3,1,2.58,2.4,2.2,5,1.2,4,1.8,2,1.5,1,0.9,0,1.52,2.4,0.6,1,1.3,2,1,2,0.4,1,0.4,0,0.74,1.2,2.2,2,1,1,0.5,1,0.7,2,0.7,1,1.02,1.4,0,13,953.55,187.1,5
1.7,2,0.9,1,2.4,1,1.5,1,2.4,4,1.78,1.8,1.5,1,0.5,1,2.7,3,1.3,2,1,2,1.4,1.8,0.6,2,1.9,2,0.6,3,2.2,0,0.5,1,1.16,1.6,1.1,1,1,1,1.5,1,1.6,3,1.6,4,1.36,2,0,3,431.25,508.28,2
1.2,0,0.6,1,1.7,5,1.8,2,1.6,4,1.38,2.4,1.2,4,1.8,2,1.5,1,0.9,0,0.2,0,1.12,1.4,1.6,2,2.4,4,1.5,1,0.7,3,1,2,1.44,2.4,1,1,0.5,1,0.7,2,0.7,1,3.4,5,1.26,2,1,0,47.13,187.1,-2
1.3,2,1,1,0.6,0,1.4,2,1.4,3,1.14,1.6,1.8,1,0.6,0,2.2,1,2.2,0,0.7,0,1.5,0.4,2.4,4,2.3,3,1.6,2,1.1,0,1.5,3,1.78,2.4,0.9,2,1,2,2.1,0,1.5,1,1.4,1,1.38,1.2,0,6,72.53,65.78,-2
1.2,0,1,2,1.6,2,0.6,0,1.4,1,1.16,1,1.6,2,1.9,2,0.4,1,2.1,4,1,1,1.4,2,0.8,1,2.5,0,0.6,0,1.9,2,0.7,0,1.3,0.6,1.2,0,0.9,1,3.3,5,1.5,2,2.5,2,1.88,2,0,3,57.1,513.7,0
2.1,3,2.3,3,2.1,0,2.4,1,2.5,2,2.28,1.8,1,1,2.1,3,0.7,1,0.7,3,0.5,1,1,1.8,1.4,2,1,1,2.2,1,0.3,0,1,1,1.18,1,1.4,1,1.8,2,2.8,5,1.8,2,2.4,4,2.04,2.8,-1,6,365.23,186.2,4
2.4,4,1.4,1,3.3,5,4.3,1,3.4,5,2.96,3.2,1.2,4,1.8,2,1.5,1,0.7,1,3.9,5,1.82,2.6,1.3,2,1,2,0.4,1,0.4,0,0.2,0,0.66,1,2.6,3,2.1,3,2.7,3,0.9,0,1.1,1,1.88,2,-1,15,953.55,296.3,1
0.9,2,0.8,2,2.8,5,1.6,3,1.8,1,1.58,2.6,1.1,1,2.4,4,0.7,2,0.4,0,1.1,1,1.14,1.6,1.8,1,0.6,0,0.7,1,1.3,2,0.7,0,1.02,0.8,1.5,1,0.6,1,3.5,1,4.3,1,3.9,5,2.76,1.8,0,8,623.35,187.5,2
1.4,2,2.5,0,1.3,1,1.1,0,0.8,0,1.42,0.6,2.6,3,1,2,0.6,3,1.9,2,0.7,0,1.36,2,2.1,3,1,2,2.3,4,1.4,2,1.2,2,1.6,2.6,1.2,4,1.4,1,2.4,1,0.6,0,1.8,1,1.48,1.4,-1,13,136.05,175.13,1
0.8,1,1,2,2.3,4,1.5,2,1.5,3,1.42,2.4,0.6,2,0.6,0,1.5,1,0.3,0,1.2,2,0.84,1,1.2,0,0.6,0,1.3,1,2.1,4,1.4,3,1.32,1.6,1.7,2,0.8,2,1.7,5,2.4,1,0.8,0,1.48,2,0,12,132,158.88,-2
1.8,2,1.5,1,0.7,1,3.9,5,0.5,2,1.68,2.2,0.6,1,1.7,5,1.8,2,1.6,4,1,1,1.34,2.6,2.1,3,2.7,3,0.9,0,1.1,1,3,3,1.96,2,2.4,4,1.5,1,0.7,3,1,2,0.8,3,1.28,2.6,0,4,296.3,47.13,0
2.1,3,0.7,1,0.7,3,0.5,1,0.2,0,0.84,1.6,1.4,1,3.3,5,4.3,1,3.4,5,3,3,3.08,3,1.8,2,2.8,5,1.8,2,2.4,4,1.9,4,2.14,3.4,1,2,0.4,1,0.4,0,0.2,0,0.5,2,0.5,1,4,2,186.2,953.55,-1
1.9,2,0.4,1,2.1,4,1,1,2.2,3,1.52,2.2,0.8,2,2.8,5,1.6,3,1.8,1,2.1,3,1.82,2.8,0.9,1,3.3,5,1.5,2,2.5,2,2.7,3,2.18,2.6,0.6,0,0.7,1,1.3,2,0.7,0,0.6,1,0.78,0.8,-1,7,513.7,623.35,0
0.5,1,2.7,3,1.3,2,1,2,0.8,0,1.26,1.6,1,2,2.3,4,1.5,2,1.5,3,1.3,0,1.52,2.2,1,1,1.5,1,1.6,3,1.6,4,1.7,2,1.48,2.2,0.6,0,1.3,1,2.1,4,1.4,3,1.2,2,1.32,2,-2,7,508.28,132,0
0.6,0,1.5,1,0.3,0,1.2,2,1.2,2,0.96,1,1,1,0.6,0,1.4,2,1.4,3,0.7,0,1.02,1.2,0.8,2,1.7,5,2.4,1,0.8,0,1.3,0,1.4,1.6,2.3,3,1.6,2,1.1,0,1.5,3,1.9,2,1.68,2,-1,9,158.88,72.53,1
1,2,0.6,3,1.9,2,0.7,0,1.7,1,1.18,1.6,2.3,3,2.1,0,2.4,1,2.5,2,1.9,4,2.24,2,1.4,1,2.4,1,0.6,0,1.8,1,2.1,2,1.66,1,1,1,2.2,1,0.3,0,1,1,0.2,0,0.94,0.6,2,4,175.13,365.23,2
2.4,4,0.7,2,0.4,0,1.1,1,0.6,1,1.04,1.6,1,2,1.6,2,0.6,0,1.4,1,2.7,3,1.46,1.6,0.6,1,3.5,1,4.3,1,3.9,5,2.1,3,2.88,2.2,2.5,0,0.6,0,1.9,2,0.7,0,2.2,3,1.58,1,0,12,187.5,57.1,3
1.8,2,1.5,1,0.9,0,0.2,0,0.8,3,1.04,1.2,0.9,1,2.4,1,1.5,1,2.4,4,1.7,2,1.78,1.8,0.5,1,0.7,2,0.7,1,3.4,5,1,1,1.26,2,1.9,2,0.6,3,2.2,0,0.5,1,0.8,0,1.2,1.2,0,6,187.1,431.25,0
0.6,0,2.2,1,2.2,0,0.7,0,1.9,2,1.52,0.6,2.5,0,1.3,1,1.1,0,0.8,0,2.1,2,1.56,0.6,1,2,2.1,0,1.5,1,1.4,1,0.7,0,1.34,0.8,1,2,2.3,4,1.4,2,1.2,2,1.7,1,1.52,2.2,0,7,65.78,136.05,3
2.3,4,1.5,2,1.5,3,1.3,0,1.3,2,1.58,2.2,0.6,3,1.9,2,0.7,0,1.7,1,1.9,2,1.36,1.6,1.3,1,2.1,4,1.4,3,1.2,2,1,2,1.4,2.4,2.4,1,0.6,0,1.8,1,2.1,2,1.1,2,1.6,1.2,0,6,132,175.13,1
0.6,0,1.4,2,1.4,3,0.7,0,1.2,1,1.06,1.2,2.7,3,1.3,2,1,2,0.8,0,1,2,1.36,1.8,1.6,2,1.1,0,1.5,3,1.9,2,1.1,2,1.44,1.8,1.5,1,1.6,3,1.6,4,1.7,2,1.3,2,1.54,2.4,4,1,72.53,508.28,-1
2.2,1,2.2,0,0.7,0,1.9,2,1.2,3,1.64,1.2,1.5,1,0.3,0,1.2,2,1.2,2,1.1,2,1.06,1.4,2.1,0,1.5,1,1.4,1,0.7,0,1.1,0,1.36,0.4,1.7,5,2.4,1,0.8,0,1.3,0,1.2,1,1.48,1.4,-1,7,65.78,158.88,0
3.3,5,4.3,1,3.4,5,3,3,1,2,3,3.2,1.7,5,1.8,2,1.6,4,1,1,0.2,2,1.26,2.8,0.4,1,0.4,0,0.2,0,0.5,2,0.3,1,0.36,0.8,1.5,1,0.7,3,1,2,0.8,3,2,2,1.2,2.2,-5,0,953.55,47.13,1
1.6,2,0.6,0,1.4,1,2.7,3,0.5,0,1.36,1.2,0.7,1,0.7,3,0.5,1,0.2,0,0.3,1,0.48,1.2,0.6,0,1.9,2,0.7,0,2.2,3,2.3,3,1.54,1.6,2.8,5,1.8,2,2.4,4,1.9,4,1,2,1.98,3.4,0,6,57.1,186.2,-1
2.1,0,2.4,1,2.5,2,1.9,4,1.1,0,2,1.4,0.7,2,0.4,0,1.1,1,0.6,1,2.3,3,1.02,1.4,2.2,1,0.3,0,1,1,0.2,0,1.9,2,1.12,0.8,3.5,1,4.3,1,3.9,5,2.1,3,0.5,0,2.86,2,-4,9,365.23,187.5,-1
1.3,1,1.1,0,0.8,0,2.1,2,1.1,0,1.28,0.6,0.4,1,2.1,4,1,1,2.2,3,0.7,2,1.28,2.2,2.3,4,1.4,2,1.2,2,1.7,1,1.2,3,1.56,2.4,3.3,5,1.5,2,2.5,2,2.7,3,2.4,2,2.48,2.8,3,9,136.05,513.7,0
2.4,1,1.5,1,2.4,4,1.7,2,2.4,2,2.08,2,1.5,1,0.7,1,3.9,5,0.5,2,2,2,1.72,2.2,0.6,3,2.2,0,0.5,1,0.8,0,2.4,2,1.3,1.2,2.7,3,0.9,0,1.1,1,3,3,0.2,2,1.58,1.8,-6,4,431.25,296.3,0
2.8,5,1.6,3,1.8,1,2.1,3,2.4,2,2.14,2.8,1.5,1,0.9,0,0.2,0,0.8,3,2.4,2,1.16,1.2,0.7,1,1.3,2,0.7,0,0.6,1,0.7,2,0.8,1.2,0.7,2,0.7,1,3.4,5,1,1,2.4,2,1.64,2.2,1,8,623.35,187.1,2
4.3,1,3.4,5,3,3,1,2,3.4,4,3.02,3,1.5,2,1.5,3,1.3,0,1.3,2,2.5,1,1.62,1.6,0.4,0,0.2,0,0.5,2,0.3,1,1.8,3,0.96,1.2,2.1,4,1.4,3,1.2,2,1,2,1.2,0,1.38,2.2,-1,10,953.55,132,3
0.7,3,0.5,1,0.2,0,0.3,1,1.7,1,0.68,1.2,1.4,2,1.4,3,0.7,0,1.2,1,0.6,1,1.06,1.4,1.8,2,2.4,4,1.9,4,1,2,1,0,1.62,2.4,1.1,0,1.5,3,1.9,2,1.1,2,2.2,2,1.56,1.8,0,4,186.2,72.53,1
1.3,2,1,2,0.8,0,1,2,2.2,2,1.26,1.6,2.4,1,2.5,2,1.9,4,1.1,0,1.2,1,1.82,1.6,1.6,3,1.6,4,1.7,2,1.3,2,0.6,1,1.36,2.4,0.3,0,1,1,0.2,0,1.9,2,2.1,2,1.1,1,3,9,508.28,365.23,-1
0.7,1,3.9,5,0.5,2,2,2,1.2,1,1.66,2.2,1.6,3,1.8,1,2.1,3,2.4,2,1.4,3,1.86,2.4,0.9,0,1.1,1,3,3,0.2,2,1.2,1,1.28,1.4,1.3,2,0.7,0,0.6,1,0.7,2,1.9,1,1.04,1.2,3,2,296.3,623.35,0
0.9,0,0.2,0,0.8,3,2.4,2,1.9,1,1.24,1.2,1.1,0,0.8,0,2.1,2,1.1,0,1.3,0,1.28,0.4,0.7,1,3.4,5,1,1,2.4,2,1.4,3,1.78,2.4,1.4,2,1.2,2,1.7,1,1.2,3,0.3,0,1.16,1.6,-1,7,187.1,136.05,-4
1.9,2,0.7,0,1.7,1,1.9,2,1.2,0,1.48,1,0.3,0,1.2,2,1.2,2,1.1,2,0.3,1,0.82,1.4,0.6,0,1.8,1,2.1,2,1.1,2,2.5,1,1.62,1.2,2.4,1,0.8,0,1.3,0,1.2,1,0.8,1,1.3,0.6,4,9,175.13,158.88,0
0.4,0,1.1,1,0.6,1,2.3,3,2.1,2,1.3,1.4,1.5,1,2.4,4,1.7,2,2.4,2,1.2,1,1.84,2,4.3,1,3.9,5,2.1,3,0.5,0,1.2,1,2.4,2,2.2,0,0.5,1,0.8,0,2.4,2,1.2,1,1.42,0.8,1,7,187.5,431.25,0
1.8,2,1.6,4,1,1,0.2,2,1.8,3,1.28,2.4,0.6,0,1.4,1,2.7,3,0.5,0,1,0,1.24,0.8,0.7,3,1,2,0.8,3,2,2,3.4,4,1.58,2.8,1.9,2,0.7,0,2.2,3,2.3,3,1.7,1,1.76,1.8,0,10,47.13,57.1,0
2.1,4,1,1,2.2,3,0.7,2,0.3,0,1.26,2,2.2,0,0.7,0,1.9,2,1.2,3,0.8,1,1.36,1.2,1.5,2,2.5,2,2.7,3,2.4,2,1.3,0,2.08,1.8,1.5,1,1.4,1,0.7,0,1.1,0,0.3,1,1,0.6,0,6,513.7,65.78,2
1.2,2,1.2,2,1.1,2,0.3,1,0.3,0,0.82,1.4,1,1,2.2,3,0.7,2,0.3,0,1.5,2,1.14,1.6,0.8,0,1.3,0,1.2,1,0.8,1,1.3,0,1.08,0.4,2.5,2,2.7,3,2.4,2,1.3,0,0.6,0,1.9,1.4,1,3,158.88,513.7,0
2.5,2,1.9,4,1.1,0,1.2,1,0.3,2,1.4,1.8,3.9,5,0.5,2,2,2,1.2,1,0.7,0,1.66,2,1,1,0.2,0,1.9,2,2.1,2,1.4,1,1.32,1.2,1.1,1,3,3,0.2,2,1.2,1,1.4,0,1.38,1.4,0,7,365.23,296.3,-1
0.8,0,2.1,2,1.1,0,1.3,0,2.8,4,1.62,1.2,1.1,1,0.6,1,2.3,3,2.1,2,0.4,1,1.3,1.6,1.2,2,1.7,1,1.2,3,0.3,0,1.1,0,1.1,1.2,3.9,5,2.1,3,0.5,0,1.2,1,2.2,1,1.98,2,0,13,136.05,187.5,-1
0.7,0,1.9,2,1.2,3,0.8,1,0.6,0,1.04,1.2,0.5,1,0.2,0,0.3,1,1.7,1,1,1,0.74,0.8,1.4,1,0.7,0,1.1,0,0.3,1,1.5,2,1,0.8,2.4,4,1.9,4,1,2,1,0,0.5,0,1.36,2,-1,7,65.78,186.2,-1
1.4,1,2.7,3,0.5,0,1,0,2.3,2,1.58,1.2,1,2,0.8,0,1,2,2.2,2,1.4,1,1.28,1.4,0.7,0,2.2,3,2.3,3,1.7,1,1.9,2,1.76,1.8,1.6,4,1.7,2,1.3,2,0.6,1,0.3,2,1.1,2.2,2,4,57.1,508.28,2
1.8,1,2.1,3,2.4,2,1.4,3,1.4,0,1.82,1.8,3.4,5,3,3,1,2,3.4,4,4.1,3,2.98,3.4,0.7,0,0.6,1,0.7,2,1.9,1,0.7,0,0.92,0.8,0.2,0,0.5,2,0.3,1,1.8,3,0.1,0,0.58,1.2,3,6,623.35,953.55,0
1.5,3,1.3,0,1.3,2,2.5,1,0.1,0,1.34,1.2,0.2,0,0.8,3,2.4,2,1.9,1,1.1,0,1.28,1.2,1.4,3,1.2,2,1,2,1.2,0,4.1,3,1.78,2,3.4,5,1,1,2.4,2,1.4,3,2.8,4,2.2,3,1,2,132,187.1,-2
2.4,4,1.7,2,2.4,2,1.2,1,2.2,1,1.98,2,1.6,4,1,1,0.2,2,1.8,3,1.9,2,1.3,2.4,0.5,1,0.8,0,2.4,2,1.2,1,0.4,1,1.06,1,1,2,0.8,3,2,2,3.4,4,2.3,2,1.9,2.6,0,0,431.25,47.13,2
1.4,3,0.7,0,1.2,1,0.6,1,0.5,0,0.88,1,0.7,0,1.7,1,1.9,2,1.2,0,1.3,0,1.36,0.6,1.5,3,1.9,2,1.1,2,2.2,2,1,1,2,2,1.8,1,2.1,2,1.1,2,2.5,1,0.3,0,1.56,1.2,-5,1,72.53,175.13,-2
0.2,0,0.3,1,1.7,1,1,1,1.3,1,0.9,0.8,1.3,0,1.3,2,2.5,1,0.1,0,1.1,1,1.26,0.8,1.9,4,1,2,1,0,0.5,0,0.2,0,0.92,1.2,1.2,2,1,2,1.2,0,4.1,3,1.4,3,1.78,2,1,8,186.2,132,5
1.3,2,2.5,1,0.1,0,1.1,1,2,2,1.4,1.2,1.9,2,1.2,3,0.8,1,0.6,0,0.2,0,0.94,1.2,1,2,1.2,0,4.1,3,1.4,3,0.6,0,1.66,1.6,0.7,0,1.1,0,0.3,1,1.5,2,1.3,1,0.98,0.8,-1,9,175.13,65.78,2
0.5,2,2,2,1.2,1,0.7,0,1.6,2,1.2,1.4,2.7,3,0.5,0,1,0,2.3,2,2.7,2,1.84,1.4,3,3,0.2,2,1.2,1,1.4,0,0.8,1,1.32,1.4,2.2,3,2.3,3,1.7,1,1.9,2,2.6,0,2.14,1.8,0,15,296.3,57.1,0
0.6,1,2.3,3,2.1,2,0.4,1,2.1,2,1.5,1.8,1.2,2,1.1,2,0.3,1,0.3,0,1,0,0.78,1,2.1,3,0.5,0,1.2,1,2.2,1,2,1,1.6,1.2,1.3,0,1.2,1,0.8,1,1.3,0,1.2,0,1.16,0.4,-1,10,187.5,158.88,-3
1,1,0.2,2,1.8,3,1.9,2,1.4,1,1.26,1.8,2.1,3,2.4,2,1.4,3,1.4,0,2,0,1.86,1.6,0.8,3,2,2,3.4,4,2.3,2,2.5,3,2.2,2.8,0.6,1,0.7,2,1.9,1,0.7,0,0,0,0.78,0.8,-1,0,47.13,623.35,-2
0.8,0,1,2,2.2,2,1.4,1,2.6,0,1.6,1,2.1,2,1.1,0,1.3,0,2.8,4,2,1,1.86,1.4,1.7,2,1.3,2,0.6,1,0.3,2,2.7,2,1.32,1.8,1.7,1,1.2,3,0.3,0,1.1,0,2.1,2,1.28,1.2,-4,15,508.28,136.05,6
2.2,3,0.7,2,0.3,0,1.5,2,1.2,0,1.18,1.4,0.7,0,1.2,1,0.6,1,0.5,0,0.6,0,0.72,0.4,2.7,3,2.4,2,1.3,0,0.6,0,1,0,1.6,1,1.9,2,1.1,2,2.2,2,1,1,2,2,1.64,1.8,6,8,513.7,72.53,0
3,3,1,2,3.4,4,4.1,3,0,0,2.3,2.4,1.7,2,2.4,2,1.2,1,2.2,1,2.5,3,2,1.8,0.5,2,0.3,1,1.8,3,0.1,0,2,0,0.94,1.2,0.8,0,2.4,2,1.2,1,0.4,1,1.4,1,1.24,1,-2,10,953.55,431.25,4
0.8,3,2.4,2,1.9,1,1.1,0,1.4,3,1.52,1.8,1.9,4,1.1,0,1.2,1,0.3,2,0.8,1,1.06,1.6,1,1,2.4,2,1.4,3,2.8,4,1.1,1,1.74,2.2,0.2,0,1.9,2,2.1,2,1.4,1,1.6,2,1.44,1.4,-1,8,187.1,365.23,0
1.1,0,1.2,1,0.3,2,0.8,1,2.1,1,1.1,1,1,2,3.4,4,4.1,3,0,0,3.8,4,2.46,2.6,1.9,2,2.1,2,1.4,1,1.6,2,1,1,1.6,1.6,0.3,1,1.8,3,0.1,0,2,0,0.5,0,0.94,0.8,0,3,365.23,953.55,-2
1.3,2,2.5,1,0.1,0,1.1,1,1.2,0,1.24,0.8,2,2,1.2,1,0.7,0,1.6,2,1.6,1,1.42,1.2,1,2,1.2,0,4.1,3,1.4,3,1.8,5,1.9,2.6,0.2,2,1.2,1,1.4,0,0.8,1,0.8,1,0.88,1,1,6,132,296.3,-1
0.7,2,0.3,0,1.5,2,1.2,0,1.9,2,1.12,1.2,2.5,1,0.1,0,1.1,1,2,2,1.2,2,1.38,1.2,2.4,2,1.3,0,0.6,0,1,0,0.8,2,1.22,0.8,1.2,0,4.1,3,1.4,3,0.6,0,0.8,0,1.62,1.2,-4,10,513.7,175.13,-1
1.2,1,0.6,1,0.5,0,0.6,0,0.8,2,0.74,0.8,2.3,3,2.1,2,0.4,1,2.1,2,1,0,1.58,1.6,1.1,2,2.2,2,1,1,2,2,1.9,2,1.64,1.8,0.5,0,1.2,1,2.2,1,2,1,1.5,3,1.48,1.2,-1,1,72.53,187.5,-3
0.5,0,1,0,2.3,2,2.7,2,0.8,1,1.46,1,2.4,2,1.9,1,1.1,0,1.4,3,1,1,1.56,1.4,2.3,3,1.7,1,1.9,2,2.6,0,1.6,1,2.02,1.4,2.4,2,1.4,3,2.8,4,1.1,1,2.1,1,1.96,2.2,1,12,57.1,187.1,-1
1.2,3,0.8,1,0.6,0,0.2,0,0.8,0,0.72,0.8,1,2,2.2,2,1.4,1,2.6,0,4.8,6,2.4,2.2,1.1,0,0.3,1,1.5,2,1.3,1,1.2,2,1.08,1.2,1.3,2,0.6,1,0.3,2,2.7,2,0.3,0,1.04,1.4,0,3,65.78,508.28,-2
2.4,2,1.2,1,2.2,1,2.5,3,0.5,0,1.76,1.4,2.4,2,1.4,3,1.4,0,2,0,1.8,2,1.8,1.4,2.4,2,1.2,1,0.4,1,1.4,1,3.8,4,1.84,1.8,0.7,2,1.9,1,0.7,0,0,0,0.3,0,0.72,0.6,-1,12,431.25,623.35,-3
1.1,0,1.3,0,2.8,4,2,1,0.3,0,1.5,1,0.2,2,1.8,3,1.9,2,1.4,1,0.3,0,1.12,1.6,1.2,3,0.3,0,1.1,0,2.1,2,4.8,6,1.9,2.2,2,2,3.4,4,2.3,2,2.5,3,1.8,2,2.4,2.6,0,9,136.05,47.13,-1
1.1,2,0.3,1,0.3,0,1,0,1.5,3,0.84,1.2,0.3,1,1.7,1,1,1,1.3,1,1.8,5,1.22,1.8,1.2,1,0.8,1,1.3,0,1.2,0,1,0,1.1,0.4,1,2,1,0,0.5,0,0.2,0,1.2,0,0.78,0.4,-1,5,158.88,186.2,0
2.1,2,0.4,1,2.1,2,1,0,1.8,3,1.48,1.6,0.1,0,1.1,1,2,2,1.2,2,1.5,2,1.18,1.4,1.2,1,2.2,1,2,1,1.5,3,1.6,0,1.7,1.2,4.1,3,1.4,3,0.6,0,0.8,0,1.4,1,1.66,1.4,0,5,187.5,175.13,-2
1.4,3,1.4,0,2,0,1.8,2,2,4,1.72,1.8,2.5,1,0.1,0,1.1,1,1.2,0,1.9,1,1.36,0.6,1.9,1,0.7,0,0,0,0.3,0,1.1,1,0.8,0.4,1.2,0,4.1,3,1.4,3,1.8,5,0.9,2,1.88,2.6,-4,6,623.35,132,-2
3.4,4,4.1,3,0,0,3.8,4,2.2,3,2.7,2.8,1,0,2.3,2,2.7,2,0.8,1,0.9,0,1.54,1,1.8,3,0.1,0,2,0,0.5,0,0.9,1,1.06,0.8,1.7,1,1.9,2,2.6,0,1.6,1,0.6,1,1.68,1,-4,13,953.55,57.1,-1
1.8,3,1.9,2,1.4,1,0.3,0,1,1,1.28,1.4,1.2,1,0.3,2,0.8,1,2.1,1,0.9,1,1.06,1.2,3.4,4,2.3,2,2.5,3,1.8,2,1.2,0,2.24,2.2,2.1,2,1.4,1,1.6,2,1,1,2.2,3,1.66,1.8,-2,3,47.13,365.23,0
1.2,1,0.7,0,1.6,2,1.6,1,0.9,2,1.2,1.2,0.8,1,0.6,0,0.2,0,0.8,0,0.4,0,0.56,0.2,1.2,1,1.4,0,0.8,1,0.8,1,1.9,1,1.22,0.8,0.3,1,1.5,2,1.3,1,1.2,2,1.5,2,1.16,1.6,0,6,296.3,65.78,0
2.2,2,1.4,1,2.6,0,4.8,6,1.5,2,2.5,2.2,0.3,1,0.3,0,1,0,1.5,3,1.5,0,0.92,0.8,0.6,1,0.3,2,2.7,2,0.3,0,0.4,0,0.86,1,0.8,1,1.3,0,1.2,0,1,0,0.8,0,1.02,0.2,-2,15,508.28,158.88,-1
1.7,1,1,1,1.3,1,1.8,5,0.8,0,1.32,1.6,0.3,0,1.5,2,1.2,0,1.9,2,1.4,1,1.26,1,1,0,0.5,0,0.2,0,1.2,0,1.5,0,0.88,0,1.3,0,0.6,0,1,0,0.8,2,1.5,2,1.04,0.8,-1,1,186.2,513.7,0
1.2,1,2.2,1,2.5,3,0.5,0,1.1,1,1.5,1.2,1.3,0,2.8,4,2,1,0.3,0,1.2,0,1.52,1,1.2,1,0.4,1,1.4,1,3.8,4,2,4,1.76,2.2,0.3,0,1.1,0,2.1,2,4.8,6,1,1,1.86,1.8,-5,13,431.25,136.05,-1
1.9,1,1.1,0,1.4,3,1,1,0.6,1,1.2,1.2,0.6,1,0.5,0,0.6,0,0.8,2,1.6,0,0.82,0.6,1.4,3,2.8,4,1.1,1,2.1,1,0.9,0,1.66,1.8,2.2,2,1,1,2,2,1.9,2,1.8,3,1.78,2,0,4,187.1,72.53,0
0.6,0,0.2,0,0.8,0,0.4,0,1.5,1,0.7,0.2,1.1,0,1.4,3,1,1,0.6,1,1.3,1,1.08,1.2,1.5,2,1.3,1,1.2,2,1.5,2,2,1,1.5,1.6,2.8,4,1.1,1,2.1,1,0.9,0,1.2,1,1.62,1.4,1,3,65.78,187.1,1
2.8,4,2,1,0.3,0,1.2,0,0.9,2,1.44,1.4,4.1,3,0,0,3.8,4,2.2,3,2.4,2,2.5,2.4,1.1,0,2.1,2,4.8,6,1,1,1.8,1,2.16,2,0.1,0,2,0,0.5,0,0.9,1,1.1,3,0.92,0.8,2,2,136.05,953.55,0
0.1,0,1.1,1,1.2,0,1.9,1,1.1,2,1.08,0.8,0.4,1,2.1,2,1,0,1.8,3,1.4,1,1.34,1.4,4.1,3,1.4,3,1.8,5,0.9,2,1.6,0,1.96,2.6,2.2,1,2,1,1.5,3,1.6,0,1.5,3,1.76,1.6,-1,5,132,187.5,-2
1.1,1,2,2,1.2,2,1.5,2,1.5,3,1.46,2,1,1,1.3,1,1.8,5,0.8,0,0.5,0,1.08,1.4,1.4,3,0.6,0,0.8,0,1.4,1,1.4,1,1.12,1,0.5,0,0.2,0,1.2,0,1.5,0,1.5,0,0.98,0,1,5,175.13,186.2,0
0.3,0,1,0,1.5,3,1.5,0,0.2,1,0.9,0.8,0.7,0,1.6,2,1.6,1,0.9,2,2,1,1.36,1.2,1.3,0,1.2,0,1,0,0.8,0,1.2,0,1.1,0,1.4,0,0.8,1,0.8,1,1.9,1,1.5,1,1.28,0.8,0,10,158.88,296.3,1
1.5,2,1.2,0,1.9,2,1.4,1,1.5,0,1.5,1,1.4,1,2.6,0,4.8,6,1.5,2,1.2,0,2.3,1.8,0.6,0,1,0,0.8,2,1.5,2,0.5,0,0.88,0.8,0.3,2,2.7,2,0.3,0,0.4,0,0.2,1,0.78,1,4,12,513.7,508.28,2
2.3,2,2.7,2,0.8,1,0.9,0,1.1,3,1.56,1.6,2.2,1,2.5,3,0.5,0,1.1,1,1.8,1,1.62,1.2,1.9,2,2.6,0,1.6,1,0.6,1,2.4,2,1.82,1.2,0.4,1,1.4,1,3.8,4,2,4,0.9,2,1.7,2.4,5,7,57.1,431.25,-2
0.5,0,0.6,0,0.8,2,1.6,0,1.2,1,0.94,0.6,1.9,2,1.4,1,0.3,0,1,1,1.4,2,1.2,1.2,1,1,2,2,1.9,2,1.8,3,1.3,1,1.6,1.8,2.3,2,2.5,3,1.8,2,1.2,0,0.8,2,1.72,1.8,-1,13,72.53,47.13,2
0.3,2,0.8,1,2.1,1,0.9,1,0.8,2,0.98,1.4,1.4,0,2,0,1.8,2,2,4,1.6,0,1.76,1.2,1.4,1,1.6,2,1,1,2.2,3,1.4,2,1.52,1.8,0.7,0,0,0,0.3,0,1.1,1,1.1,2,0.64,0.6,3,3,365.23,623.35,-1
2,0,1.8,2,2,4,1.6,0,1.7,4,1.82,2,2.7,2,0.8,1,0.9,0,1.1,3,1.4,1,1.38,1.4,0,0,0.3,0,1.1,1,1.1,2,2.3,3,0.96,1.2,2.6,0,1.6,1,0.6,1,2.4,2,2.5,3,1.94,1.4,0,12,623.35,57.1,2
1.4,3,1,1,0.6,1,1.3,1,0.2,0,0.9,1.2,1,0,1.5,3,1.5,0,0.2,1,0.7,1,0.98,1,1.1,1,2.1,1,0.9,0,1.2,1,2,1,1.46,0.8,1.2,0,1,0,0.8,0,1.2,0,0.8,0,1,0,1,15,187.1,158.88,0
1.4,1,0.3,0,1,1,1.4,2,1.5,1,1.12,1,1.1,1,1.2,0,1.9,1,1.1,2,2.5,2,1.56,1.2,2.5,3,1.8,2,1.2,0,0.8,2,1.5,3,1.56,2,1.4,3,1.8,5,0.9,2,1.6,0,2.4,4,1.62,2.8,-1,3,47.13,132,-3
2.1,2,1,0,1.8,3,1.4,1,2.4,4,1.74,2,1.2,0,1.9,2,1.4,1,1.5,0,1.8,2,1.56,1,2,1,1.5,3,1.6,0,1.5,3,2.5,2,1.82,1.8,1,0,0.8,2,1.5,2,0.5,0,3,0,1.36,0.8,0,9,187.5,513.7,1
0,0,3.8,4,2.2,3,2.4,2,1.6,1,2,2,0.2,0,0.8,0,0.4,0,1.5,1,2,1,0.98,0.4,2,0,0.5,0,0.9,1,1.1,3,0.7,1,1.04,1,1.3,1,1.2,2,1.5,2,2,1,0.2,0,1.24,1.2,-1,10,953.55,65.78,1
1.6,2,1.6,1,0.9,2,2,1,0.8,0,1.38,1.2,0.6,0,0.8,2,1.6,0,1.2,1,1.5,3,1.14,1.2,0.8,1,0.8,1,1.9,1,1.5,1,0.7,1,1.14,1,2,2,1.9,2,1.8,3,1.3,1,1.5,1,1.7,1.8,1,6,296.3,72.53,-1
2.5,3,0.5,0,1.1,1,1.8,1,2.5,3,1.68,1.6,0.8,1,2.1,1,0.9,1,0.8,2,2.3,3,1.38,1.6,1.4,1,3.8,4,2,4,0.9,2,1.4,1,1.9,2.4,1.6,2,1,1,2.2,3,1.4,2,1.7,4,1.58,2.4,0,6,431.25,365.23,1
1.3,1,1.8,5,0.8,0,0.5,0,3.1,2,1.5,1.6,2,1,0.3,0,1.2,0,0.9,2,0.7,1,1.02,0.8,0.2,0,1.2,0,1.5,0,1.5,0,1.3,2,1.14,0.4,2.1,2,4.8,6,1,1,1.8,1,1.6,1,2.26,2.2,0,7,186.2,136.05,-1
2.6,0,4.8,6,1.5,2,1.2,0,3,0,2.62,1.6,2,2,1.2,2,1.5,2,1.5,3,1.3,2,1.5,2.2,2.7,2,0.3,0,0.4,0,0.2,1,1.8,2,1.08,1,0.6,0,0.8,0,1.4,1,1.4,1,3.1,2,1.46,0.8,0,6,508.28,175.13,2
1.5,3,1.5,0,0.2,1,0.7,1,0.6,1,0.9,1.2,3.8,4,2.2,3,2.4,2,1.6,1,3.5,3,2.7,2.6,1,0,0.8,0,1.2,0,0.8,0,1.4,1,1.04,0.2,0.5,0,0.9,1,1.1,3,0.7,1,1,2,0.84,1.4,0,6,158.88,953.55,-2
1.2,2,1.5,2,1.5,3,1.3,2,0.8,1,1.26,2,0.3,0,1,1,1.4,2,1.5,1,0.5,0,0.94,0.8,0.8,0,1.4,1,1.4,1,3.1,2,2.8,3,1.9,1.4,0.4,0,1.2,4,1.4,1,2.4,1,1.8,3,1.44,1.8,-1,3,175.13,47.13,0
1.9,2,1.4,1,1.5,0,1.8,2,1.3,0,1.58,1,1,1,0.6,1,1.3,1,0.2,0,1.4,1,0.9,0.8,0.8,2,1.5,2,0.5,0,3,0,1.8,1,1.52,1,2.1,1,0.9,0,1.2,1,2,1,0.6,1,1.36,0.8,-3,12,513.7,187.1,2
4.8,6,1.5,2,1.2,0,3,0,1.4,1,2.38,1.8,4.8,6,1.5,2,1.2,0,3,0,2.8,3,2.66,2.2,1.2,0,1.5,0,1.5,0,1.3,2,1,2,1.3,0.8,0.3,0,0.4,0,0.2,1,1.8,2,0.8,1,0.7,0.8,0,7,186.2,508.28,-3
0.8,1,0.9,0,1.1,3,1.4,1,0.5,1,0.94,1.2,2.1,1,0.9,1,0.8,2,2.3,3,1.2,0,1.46,1.4,1.6,1,0.6,1,2.4,2,2.5,3,2,3,1.82,2,1,1,2.2,3,1.4,2,1.7,4,3.7,1,2,2.2,4,5,57.1,365.23,-4
0.8,2,1.6,0,1.2,1,1.5,3,1.3,1,1.28,1.4,1.8,2,2,4,1.6,0,1.7,4,2,3,1.82,2.6,1.9,2,1.8,3,1.3,1,1.5,1,1.3,0,1.56,1.4,0.3,0,1.1,1,1.1,2,2.3,3,0.5,1,1.06,1.4,2,3,72.53,623.35,-1
1.2,0,1.9,1,1.1,2,2.5,2,1.8,3,1.7,1.6,0.5,0,1.1,1,1.8,1,2.5,3,3.7,1,1.92,1.2,1.8,5,0.9,2,1.6,0,2.4,4,0.5,0,1.44,2.2,3.8,4,2,4,0.9,2,1.4,1,1.2,0,1.86,2.2,0,5,132,431.25,2
0.8,0,0.4,0,1.5,1,2,1,1,2,1.14,0.8,1,0,1.8,3,1.4,1,2.4,4,1.8,1,1.68,1.8,1.2,2,1.5,2,2,1,0.2,0,3.5,3,1.68,1.6,1.5,3,1.6,0,1.5,3,2.5,2,1.3,0,1.68,1.6,0,5,65.78,187.5,0
0.3,0,1.2,0,0.9,2,0.7,1,1,2,0.82,1,1.6,1,0.9,2,2,1,0.8,0,1.3,0,1.32,0.8,4.8,6,1,1,1.8,1,1.6,1,1.4,1,2.12,2,0.8,1,1.9,1,1.5,1,0.7,1,1.3,1,1.24,1,0,13,136.05,296.3,1
0.9,2,2,1,0.8,0,1.3,0,1.9,0,1.38,0.6,1.4,1,1.5,0,1.8,2,1.3,0,1.6,3,1.52,1.2,1.9,1,1.5,1,0.7,1,1.3,1,1.2,1,1.32,1,1.4,1,1.5,0,1.8,2,1.3,0,0.9,1,1.38,0.8,-1,10,296.3,513.7,-1
0.6,1,1.3,1,0.2,0,1.4,1,0.9,1,0.88,0.8,1.5,2,1.5,3,1.3,2,0.8,1,1.8,1,1.38,1.8,0.9,0,1.2,1,2,1,0.6,1,1.6,3,1.26,1.2,1.4,1,1.4,1,3.1,2,2.8,3,0.9,1,1.92,1.6,0,7,187.1,175.13,2
1.8,3,1.4,1,2.4,4,1.8,1,0.6,1,1.6,2,1.5,2,1.2,0,3,0,1.4,1,1.8,1,1.78,0.8,1.6,0,1.5,3,2.5,2,1.3,0,1.9,1,1.76,1.2,1.5,0,1.5,0,1.3,2,1,2,3.3,4,1.72,1.6,-1,7,187.5,186.2,-1
0.9,0,1.1,3,1.4,1,0.5,1,0.8,0,0.94,1,1.5,0,0.2,1,0.7,1,0.6,1,0.4,1,0.68,0.8,0.6,1,2.4,2,2.5,3,2,3,2.8,4,2.06,2.6,0.8,0,1.2,0,0.8,0,1.4,1,2.4,3,1.32,0.8,-1,7,57.1,158.88,-1
2,4,1.6,0,1.7,4,2,3,0.4,1,1.54,2.4,1.2,0,0.9,2,0.7,1,1,2,1.2,1,1,1.2,1.1,1,1.1,2,2.3,3,0.5,1,1,0,1.2,1.4,1,1,1.8,1,1.6,1,1.4,1,1.9,0,1.54,0.8,1,11,623.35,136.05,0
1,1,1.4,2,1.5,1,0.5,0,0.9,1,1.06,1,0.4,0,1.5,1,2,1,1,2,1.9,1,1.36,1,1.2,4,1.4,1,2.4,1,1.8,3,1.8,1,1.72,2,1.5,2,2,1,0.2,0,3.5,3,0.6,1,1.56,1.4,1,9,47.13,65.78,-1
2.2,3,2.4,2,1.6,1,3.5,3,2.4,3,2.42,2.4,1.5,2,1.2,0,3,0,2.8,3,3.3,4,2.36,1.8,0.9,1,1.1,3,0.7,1,1,2,0.4,1,0.82,1.6,0.4,0,0.2,1,1.8,2,0.8,1,1.8,1,1,1,1,12,953.55,508.28,0
0.9,1,0.8,2,2.3,3,1.2,0,2.8,4,1.6,2,1.9,1,1.1,2,2.5,2,1.8,3,1,2,1.66,2,2.2,3,1.4,2,1.7,4,3.7,1,0.8,0,1.96,2,0.9,2,1.6,0,2.4,4,0.5,0,0.5,0,1.18,1.2,0,12,365.23,132,-1
1.1,1,1.8,1,2.5,3,3.7,1,0.5,0,1.92,1.2,1.6,0,1.2,1,1.5,3,1.3,1,1,0,1.32,1,2,4,0.9,2,1.4,1,1.2,0,1,2,1.3,1.8,1.8,3,1.3,1,1.5,1,1.3,0,0.4,0,1.26,1,-5,3,431.25,72.53,3
1.5,0,1.8,2,1.3,0,1.6,3,1.3,3,1.5,1.6,1.4,2,1.5,1,0.5,0,0.9,1,0.5,1,0.96,1,1.5,0,1.8,2,1.3,0,0.9,1,1.6,2,1.42,1,1.4,1,2.4,1,1.8,3,1.8,1,1.2,2,1.72,1.6,1,6,513.7,47.13,0
1.2,0,3,0,1.4,1,1.8,1,1.6,2,1.8,0.8,1.3,1,0.2,0,1.4,1,0.9,1,1.7,2,1.1,1,1.5,0,1.3,2,1,2,3.3,4,0.7,1,1.56,1.8,1.2,1,2,1,0.6,1,1.6,3,1.2,0,1.32,1.2,0,10,186.2,187.1,1
1.1,2,2.5,2,1.8,3,1,2,1.5,2,1.58,2.2,1.1,3,1.4,1,0.5,1,0.8,0,2.8,1,1.32,1.2,1.6,0,2.4,4,0.5,0,0.5,0,1.7,1,1.34,1,2.4,2,2.5,3,2,3,2.8,4,1.1,2,2.16,2.8,-1,12,132,57.1,1
1.2,1,1.5,3,1.3,1,1,0,1.7,0,1.34,1,2.4,2,1.6,1,3.5,3,2.4,3,2.3,2,2.44,2.2,1.3,1,1.5,1,1.3,0,0.4,0,3.7,3,1.64,1,1.1,3,0.7,1,1,2,0.4,1,1.6,2,0.96,1.8,3,3,72.53,953.55,-4
1.5,3,1.3,2,0.8,1,1.8,1,1.2,0,1.32,1.4,2,1,0.8,0,1.3,0,1.9,0,1.6,2,1.52,0.6,1.4,1,3.1,2,2.8,3,0.9,1,1.7,2,1.98,1.8,1.5,1,0.7,1,1.3,1,1.2,1,1.3,3,1.2,1.4,-1,4,175.13,296.3,0
0.9,2,0.7,1,1,2,1.2,1,0.5,0,0.86,1.2,0.8,2,2.3,3,1.2,0,2.8,4,1.7,1,1.76,2,1.8,1,1.6,1,1.4,1,1.9,0,0.8,0,1.5,0.6,1.4,2,1.7,4,3.7,1,0.8,0,1.5,2,1.82,1.8,1,8,136.05,365.23,0
0.2,1,0.7,1,0.6,1,0.4,1,1.1,2,0.6,1.2,1.8,1,2.5,3,3.7,1,0.5,0,3.7,3,2.44,1.6,1.2,0,0.8,0,1.4,1,2.4,3,2.8,1,1.72,1,0.9,2,1.4,1,1.2,0,1,2,1.7,0,1.24,1,5,7,158.88,431.25,0
1.2,0,3,0,2.8,3,3.3,4,1.6,2,2.38,1.8,1.4,1,2.4,4,1.8,1,0.6,1,0.7,1,1.38,1.6,0.2,1,1.8,2,0.8,1,1.8,1,2.3,2,1.38,1.4,1.4,1,2.4,4,1.8,1,0.6,1,1.6,2,1.56,1.8,-3,15,508.28,187.5,1
1.5,1,2,1,1,2,1.9,1,1.2,2,1.52,1.4,1.6,0,1.7,4,2,3,0.4,1,0.8,0,1.3,1.6,2,1,0.2,0,3.5,3,0.6,1,0.5,1,1.36,1.2,1.1,2,2.3,3,0.5,1,1,0,0.5,0,1.08,1.2,0,8,65.78,623.35,0
2.3,3,1.2,0,2.8,4,1.7,1,0.9,4,1.78,2.4,1.5,3,1.3,1,1,0,1.7,0,0.6,0,1.22,0.8,1.7,4,3.7,1,0.8,0,1.5,2,1.3,4,1.8,2.2,1.5,1,1.3,0,0.4,0,3.7,3,3.2,4,2.02,1.6,0,10,365.23,72.53,-1
0.2,0,1.4,1,0.9,1,1.7,2,1.5,2,1.14,1.2,3,0,2.8,3,3.3,4,1.6,2,1.4,3,2.42,2.4,2,1,0.6,1,1.6,3,1.2,0,1.3,3,1.34,1.6,1.8,2,0.8,1,1.8,1,2.3,2,1.4,2,1.62,1.6,1,3,187.1,508.28,-1
1.6,1,3.5,3,2.4,3,2.3,2,3.2,4,2.6,2.6,1.3,2,0.8,1,1.8,1,1.2,0,2.7,2,1.56,1.2,0.7,1,1,2,0.4,1,1.6,2,0.6,0,0.86,1.2,3.1,2,2.8,3,0.9,1,1.7,2,1.6,2,2.02,2,0,15,953.55,175.13,3
1.7,4,2,3,0.4,1,0.8,0,0.8,1,1.14,1.8,0.7,1,0.6,1,0.4,1,1.1,2,0.9,0,0.74,1,2.3,3,0.5,1,1,0,0.5,0,1.1,1,1.08,1,0.8,0,1.4,1,2.4,3,2.8,1,1.1,0,1.7,1,0,12,623.35,158.88,2
1.5,1,0.5,0,0.9,1,0.5,1,0.8,1,0.84,0.8,2.4,4,1.8,1,0.6,1,0.7,1,1.4,2,1.38,1.8,2.4,1,1.8,3,1.8,1,1.2,2,1.9,1,1.82,1.6,2.4,4,1.8,1,0.6,1,1.6,2,1.4,3,1.56,2.2,1,0,47.13,187.5,1
0.8,0,1.3,0,1.9,0,1.6,2,1.6,2,1.44,0.8,3,0,1.4,1,1.8,1,1.6,2,1.3,3,1.82,1.4,0.7,1,1.3,1,1.2,1,1.3,3,2.7,2,1.44,1.6,1.3,2,1,2,3.3,4,0.7,1,1.5,2,1.56,2.2,0,9,296.3,186.2,-1
2.5,3,3.7,1,0.5,0,3.7,3,1.1,0,2.3,1.4,1.8,2,1.3,0,1.6,3,1.3,3,1.9,1,1.58,1.8,1.4,1,1.2,0,1,2,1.7,0,0.9,0,1.24,0.6,1.8,2,1.3,0,0.9,1,1.6,2,0.8,1,1.28,1.2,-1,9,431.25,513.7,4
1.4,1,0.5,1,0.8,0,2.8,1,0.7,0,1.24,0.6,0.7,1,1,2,1.2,1,0.5,0,1.3,4,0.94,1.6,2.5,3,2,3,2.8,4,1.1,2,1.8,1,2.04,2.6,0.7,1,1,2,1.2,1,0.5,0,0.9,4,0.86,1.6,0,10,57.1,136.05,0
2.5,2,1.8,3,1,2,1.5,2,1.8,1,1.72,2,2,1,1,2,1.9,1,1.2,2,1.1,1,1.44,1.4,2.4,4,0.5,0,0.5,0,1.7,1,0.7,0,1.16,1,0.2,0,3.5,3,0.6,1,0.5,1,0.8,1,1.12,1.2,1,7,132,65.78,0
1.3,1,1,0,1.7,0,0.6,0,0.3,1,0.98,0.4,0.5,1,0.8,0,2.8,1,0.7,0,1.5,1,1.26,0.6,1.3,0,0.4,0,3.7,3,3.2,4,1.8,0,2.08,1.4,2,3,2.8,4,1.1,2,1.8,1,0.3,1,1.6,2.2,1,7,72.53,57.1,0
1,2,1.9,1,1.2,2,1.1,1,0.6,1,1.16,1.4,1.2,0,2.8,4,1.7,1,0.9,4,1.8,0,1.68,1.8,3.5,3,0.6,1,0.5,1,0.8,1,1.1,1,1.3,1.4,3.7,1,0.8,0,1.5,2,1.3,4,0.3,1,1.52,1.6,-2,4,65.78,365.23,-1
1.8,1,0.6,1,0.7,1,1.4,2,1.6,3,1.22,1.6,1.4,1,0.9,1,1.7,2,1.5,2,1.1,2,1.32,1.6,1.8,1,0.6,1,1.6,2,1.4,3,3.5,4,1.78,2.2,0.6,1,1.6,3,1.2,0,1.3,3,2.6,3,1.46,2,0,10,187.5,187.1,0
1.3,0,1.6,3,1.3,3,1.9,1,0.4,0,1.3,1.4,3.5,3,2.4,3,2.3,2,3.2,4,1.1,3,2.5,3,1.3,0,0.9,1,1.6,2,0.8,1,2.1,4,1.34,1.6,1,2,0.4,1,1.6,2,0.6,0,0.7,0,0.86,1,0,2,513.7,953.55,0
1,2,1.2,1,0.5,0,1.3,4,0.3,1,0.86,1.6,1.8,3,1,2,1.5,2,1.8,1,1.1,0,1.44,1.6,1,2,1.2,1,0.5,0,0.9,4,1.5,1,1.02,1.6,0.5,0,0.5,0,1.7,1,0.7,0,0.6,0,0.8,0.2,0,10,136.05,132,0
2.8,3,3.3,4,1.6,2,1.4,3,2.6,3,2.34,3,1.3,0,1.9,0,1.6,2,1.6,2,0.3,0,1.34,0.8,0.8,1,1.8,1,2.3,2,1.4,2,1.1,2,1.48,1.6,1.3,0,1.9,0,1.6,2,1.6,2,1.6,1,1.6,1,0,15,508.28,296.3,4
0.6,1,0.4,1,1.1,2,0.9,0,0.7,0,0.74,0.8,0.5,0,0.9,1,0.5,1,0.8,1,3.5,4,1.24,1.4,1.4,1,2.4,3,2.8,1,1.1,0,0.9,2,1.72,1.4,1.8,3,1.8,1,1.2,2,1.9,1,1.6,3,1.66,2,0,0,158.88,47.13,-2
1.4,1,1.8,1,1.6,2,1.3,3,1.6,1,1.54,1.6,2,3,0.4,1,0.8,0,0.8,1,0.9,2,0.98,1.4,1,2,3.3,4,0.7,1,1.5,2,0.3,0,1.36,1.8,0.5,1,1,0,0.5,0,1.1,1,0.7,0,0.76,0.4,0,4,186.2,623.35,0
0.8,1,1.8,1,1.2,0,2.7,2,0.7,0,1.44,0.8,3.7,1,0.5,0,3.7,3,1.1,0,2.1,4,2.22,1.6,2.8,3,0.9,1,1.7,2,1.6,2,1.1,3,1.62,2.2,1.2,0,1,2,1.7,0,0.9,0,0.4,0,1.04,0.4,0,3,175.13,431.25,0
1.9,0,1.6,2,1.6,2,0.3,0,0.7,0,1.22,0.8,0.9,1,1.7,2,1.5,2,1.1,2,1.8,4,1.4,2.2,1.9,0,1.6,2,1.6,2,1.6,1,2.4,4,1.82,1.8,1.6,3,1.2,0,1.3,3,2.6,3,1.4,4,1.62,2.6,0,10,296.3,187.1,0
0.8,0,2.8,1,0.7,0,1.5,1,1.3,0,1.42,0.4,1.8,1,1.2,0,2.7,2,0.7,0,1.4,1,1.56,0.8,2.8,4,1.1,2,1.8,1,0.3,1,0.7,0,1.34,1.6,0.9,1,1.7,2,1.6,2,1.1,3,1.3,1,1.32,1.8,2,7,57.1,175.13,-3
1,2,1.5,2,1.8,1,1.1,0,1.6,2,1.4,1.4,1.6,3,1.3,3,1.9,1,0.4,0,1.2,3,1.28,2,0.5,0,1.7,1,0.7,0,0.6,0,1.5,2,1,0.6,0.9,1,1.6,2,0.8,1,2.1,4,1.6,3,1.4,2.2,0,1,132,513.7,0
0.9,1,0.5,1,0.8,1,3.5,4,1.7,3,1.48,2,1.8,1,1.6,2,1.3,3,1.6,1,0.9,2,1.44,1.8,1.8,1,1.2,2,1.9,1,1.6,3,3.2,1,1.94,1.6,3.3,4,0.7,1,1.5,2,0.3,0,0.3,2,1.22,1.8,0,3,47.13,186.2,-1
1.2,1,0.5,0,1.3,4,0.3,1,1.5,2,0.96,1.6,1,0,1.7,0,0.6,0,0.3,1,0.7,0,0.86,0.2,1.2,1,0.5,0,0.9,4,1.5,1,1.6,2,1.14,1.6,0.4,0,3.7,3,3.2,4,1.8,0,1.3,0,2.08,1.4,-1,6,136.05,72.53,-3
2.4,3,2.3,2,3.2,4,1.1,3,1.6,3,2.12,3,0.6,1,0.7,1,1.4,2,1.6,3,1.4,4,1.14,2.2,0.4,1,1.6,2,0.6,0,0.7,0,1.2,3,0.9,1.2,0.6,1,1.6,2,1.4,3,3.5,4,1.8,4,1.78,2.8,0,7,953.55,187.5,2
0.4,1,0.8,0,0.8,1,0.9,2,0.3,2,0.64,1.2,3.3,4,1.6,2,1.4,3,2.6,3,2.4,4,2.26,3.2,1,0,0.5,0,1.1,1,0.7,0,0.9,2,0.84,0.6,1.8,1,2.3,2,1.4,2,1.1,2,0.7,0,1.46,1.4,-1,7,623.35,508.28,-2
0.5,0,3.7,3,1.1,0,2.1,4,1.3,1,1.74,1.6,1.9,1,1.2,2,1.1,1,0.6,1,0.4,0,1.04,1,1,2,1.7,0,0.9,0,0.4,0,1.4,1,1.08,0.6,0.6,1,0.5,1,0.8,1,1.1,1,2.7,1,1.14,1,-1,11,431.25,65.78,0
2.8,4,1.7,1,0.9,4,1.8,0,2.7,1,1.98,2,0.4,1,1.1,2,0.9,0,0.7,0,3.2,1,1.26,0.8,0.8,0,1.5,2,1.3,4,0.3,1,0.4,0,0.86,1.4,2.4,3,2.8,1,1.1,0,0.9,2,1.7,3,1.78,1.8,1,15,365.23,158.88,4
1.3,3,1.9,1,0.4,0,1.2,3,1.7,0,1.3,1.4,1.7,1,0.9,4,1.8,0,2.7,1,3.9,4,2.2,2,1.6,2,0.8,1,2.1,4,1.6,3,2,0,1.62,2,1.5,2,1.3,4,0.3,1,0.4,0,0.5,0,0.8,1.4,1,15,513.7,365.23,-1
0.7,1,1.4,2,1.6,3,1.4,4,1.6,0,1.34,2,1.6,2,1.6,2,0.3,0,0.7,0,1,2,1.04,1.2,1.6,2,1.4,3,3.5,4,1.8,4,2.5,2,2.16,3,1.6,2,1.6,2,1.6,1,2.4,4,1.4,2,1.72,2.2,-1,11,187.5,296.3,-1
1.7,0,0.6,0,0.3,1,0.7,0,1.1,3,0.88,0.8,1.5,2,1.8,1,1.1,0,1.6,2,2,0,1.6,1,3.7,3,3.2,4,1.8,0,1.3,0,0.5,0,2.1,1.4,1.7,1,0.7,0,0.6,0,1.5,2,1.7,0,1.24,0.6,0,10,72.53,132,-3
1.2,2,1.1,1,0.6,1,0.4,0,0.8,2,0.82,1.2,2.8,1,0.7,0,1.5,1,1.3,0,0.9,1,1.44,0.6,0.5,1,0.8,1,1.1,1,2.7,1,1.7,2,1.36,1.2,1.1,2,1.8,1,0.3,1,0.7,0,1.5,4,1.08,1.6,-1,6,65.78,57.1,-2
1.6,2,1.3,3,1.6,1,0.9,2,1.4,2,1.36,2,3.7,3,1.1,0,2.1,4,1.3,1,1.7,2,1.98,2,0.7,1,1.5,2,0.3,0,0.3,2,1,1,0.76,1.2,1.7,0,0.9,0,0.4,0,1.4,1,0.8,2,1.04,0.6,1,6,186.2,431.25,-2
1.1,2,0.9,0,0.7,0,3.2,1,0.5,0,1.28,0.6,0.5,0,1.3,4,0.3,1,1.5,2,0.5,0,0.82,1.4,2.8,1,1.1,0,0.9,2,1.7,3,3.9,4,2.08,2,0.5,0,0.9,4,1.5,1,1.6,2,1.1,3,1.12,2,-1,12,158.88,136.05,-1
1.2,0,2.7,2,0.7,0,1.4,1,1.5,4,1.5,1.4,0.8,0,0.8,1,0.9,2,0.3,2,2.2,2,1,1.4,1.7,2,1.6,2,1.1,3,1.3,1,0.9,1,1.32,1.8,0.5,0,1.1,1,0.7,0,0.9,2,1.2,4,0.88,1.4,1,3,175.13,623.35,0
1.6,2,1.4,3,2.6,3,2.4,4,1.2,4,1.84,3.2,0.5,1,0.8,1,3.5,4,1.7,3,1,1,1.5,2,2.3,2,1.4,2,1.1,2,0.7,0,2.2,2,1.54,1.6,1.2,2,1.9,1,1.6,3,3.2,1,1.4,2,1.86,1.8,-1,3,508.28,47.13,3
1.7,2,1.5,2,1.1,2,1.8,4,1.4,2,1.5,2.4,2.3,2,3.2,4,1.1,3,1.6,3,2.5,2,2.14,2.8,0.5,0,1.7,1,0.7,0,0.6,0,1,2,0.9,0.6,1.6,2,0.6,0,0.7,0,1.2,3,1.6,0,1.14,1,1,7,187.1,953.55,-4
2.1,2,1.9,1,1.3,2,2.2,4,1.7,2,1.84,2.2,1.5,0,0.3,0,1.7,1,1.6,0,1.5,2,1.32,0.6,1,2,1.7,2,2.1,2,0.3,0,0.7,1,1.16,1.4,1.7,4,2.4,2,1.8,0,0.4,0,2,2,1.66,1.6,2,13,581.7,113.43,3
0.9,1,0.8,2,1,1,2.5,3,0.7,0,1.18,1.4,1.9,2,2.4,2,1.3,4,1.7,1,0.7,1,1.6,2,3.2,1,1.3,1,1.6,0,0.8,2,1.9,3,1.76,1.4,2.1,2,0.3,0,1.4,0,0.2,1,1.7,2,1.14,1,-3,4,198.9,741.85,-1
2.1,2,0.7,1,1.5,0,1.2,1,0.5,0,1.2,0.8,1.2,3,1.2,3,0.5,0,0.9,0,0.3,0,0.82,1.2,1.9,2,0.4,0,1.5,2,2.2,1,1.7,2,1.54,1.4,0.2,0,0.5,0,0.3,0,0.5,0,0.3,0,0.36,0,-4,7,175.35,628.73,-3
3.2,1,0.6,0,1.3,1,1.2,2,0.8,2,1.42,1.2,1.7,4,3,1,1.4,0,1.7,3,1.6,2,1.88,2,0.9,1,2.5,3,1,1,1.2,2,0.6,1,1.24,1.6,1.5,0,2.4,2,1.3,4,1.7,2,1.1,3,1.6,2.2,2,7,340.65,501.2,0
1,2,2.4,2,1,1,0.4,0,2.2,3,1.4,1.6,2.4,3,1.3,1,2.1,2,1.2,2,1,1,1.6,1.8,2.1,2,3,1,0.8,0,1.6,0,0.5,2,1.6,1,0.6,1,0.8,2,1.3,2,0.8,1,2.7,2,1.24,1.6,1,2,219.28,294.9,-1
0.2,0,1.5,1,0.6,0,1.2,2,1.1,3,0.92,1.2,1.7,3,0.5,0,1.5,2,0.8,1,0.5,2,1,1.6,1.2,3,0.8,1,1,1,1.2,2,1.6,2,1.16,1.8,1,0,1.2,3,1.5,0,1.2,2,2.2,3,1.42,1.6,-4,1,203.43,107.35,1
0.9,0,2.1,1,0.3,0,2.2,1,1.9,3,1.48,1,0.6,1,0.6,0,0.8,0,0.3,0,1.7,2,0.8,0.6,1,0,2.7,2,0.5,0,1.2,1,0.7,0,1.22,0.6,2.4,3,0.9,0,1,1,2.2,4,0.5,0,1.4,1.6,-5,10,390.3,95.6,1
0.5,0,2.7,2,1,1,0.5,0,0.8,2,1.1,1,0.7,1,0.9,0,2,2,1.7,2,2.7,2,1.6,1.4,0.3,0,2.1,1,1.3,1,0.9,0,2.2,0,1.36,0.4,1.7,1,0.6,0,0.3,2,1.7,3,1,1,1.06,1.4,-2,8,106.58,368.13,0
1,0,2.5,3,2.2,2,1.9,4,0.3,0,1.58,1.8,0.3,0,0.4,0,0.3,2,0.2,1,0.6,1,0.36,0.8,1.7,3,0.6,0,1.7,1,1,0,0.3,0,1.06,0.8,0.5,0,0.7,1,2,2,1.7,1,0.8,2,1.14,1.2,0,5,500.45,95.83,2
1.7,1,1.7,2,1.7,1,0.8,2,2,2,1.58,1.6,1,0,0.8,1,1.8,0,1,0,2.2,0,1.36,0.2,0.7,1,1.9,1,2.2,2,2.5,3,1.5,2,1.76,1.8,0.9,0,1.5,1,1.7,1,1.9,4,0.8,2,1.36,1.6,3,8,175.11,93.63,-1
2.5,3,2.2,2,1.9,4,0.3,0,1.1,2,1.6,2.2,1.5,1,0.6,0,1.2,2,1.1,3,2.2,3,1.32,1.8,0.6,0,1.7,1,1,0,0.3,0,0.3,0,0.78,0.2,0.8,1,1,1,1.2,2,1.6,2,1.1,2,1.14,1.6,0,0,500.45,203.43,2
0.5,0,1.5,2,0.8,1,0.5,2,1.1,2,0.88,1.4,0.6,0,0.8,0,0.3,0,1.7,2,1.7,1,1.02,0.6,1.2,3,1.5,0,1.2,2,2.2,3,2.2,3,1.66,2.2,0.9,0,1,1,2.2,4,0.5,0,1.7,2,1.26,1.4,0,10,107.35,95.6,1
0.8,2,1,1,2.5,3,0.7,0,0.8,2,1.16,1.6,0.3,0,1.7,1,1.6,0,1.5,2,0.5,0,1.12,0.6,1.3,1,1.6,0,0.8,2,1.9,3,2.2,3,1.56,1.8,2.4,2,1.8,0,0.4,0,2,2,1.6,3,1.64,1.4,-1,8,198.9,113.43,1
3,1,1.4,0,1.7,3,1.6,2,2,1,1.94,1.4,0.7,1,1.5,0,1.2,1,0.5,0,0.4,0,0.86,0.4,2.4,2,1.3,4,1.7,2,1.1,3,0.1,1,1.32,2.4,0.4,0,1.5,2,2.2,1,1.7,2,2.6,3,1.68,1.6,-4,9,501.2,175.35,4
2.4,2,1.3,4,1.7,1,0.7,1,2.2,3,1.66,2.2,2.4,2,1,1,0.4,0,2.2,3,2,3,1.6,1.8,0.3,0,1.4,0,0.2,1,1.7,2,0.8,2,0.88,1,3,1,0.8,0,1.6,0,0.5,2,0.7,2,1.32,1,-2,15,741.85,219.28,1
1.2,3,0.5,0,0.9,0,0.3,0,2.6,3,1.1,1.2,0.8,1,1.8,0,1,0,2.2,0,2.4,3,1.64,0.8,0.5,0,0.3,0,0.5,0,0.3,0,0.4,0,0.4,0,1.5,1,1.7,1,1.9,4,0.8,2,2.4,2,1.66,2,-2,15,628.73,93.63,0
1.3,1,2.1,2,1.2,2,1,1,2,3,1.52,1.8,2.7,2,1,1,0.5,0,0.8,2,0.4,0,1.08,1,0.8,2,1.3,2,0.8,1,2.7,2,0.7,2,1.26,1.8,2.1,1,1.3,1,0.9,0,2.2,0,0.7,0,1.44,0.4,-4,11,294.9,106.58,1
0.6,0,1.3,1,1.2,2,0.8,2,0.1,1,0.8,1.2,1.7,2,1.7,1,0.8,2,2,2,2.4,2,1.72,1.8,2.5,3,1,1,1.2,2,0.6,1,2,1,1.46,1.6,1.9,1,2.2,2,2.5,3,1.5,2,2.4,3,2.1,2.2,-2,8,340.65,175.11,0
0.4,0,0.3,2,0.2,1,0.6,1,0.3,0,0.36,0.8,2.1,1,0.3,0,2.2,1,1.9,3,1.7,2,1.64,1.4,0.7,1,2,2,1.7,1,0.8,2,1.1,2,1.26,1.6,2.7,2,0.5,0,1.2,1,0.7,0,1.7,1,1.36,0.8,4,1,95.83,390.3,0
0.9,0,2,2,1.7,2,2.7,2,0.7,0,1.6,1.2,1.9,1,1.3,2,2.2,4,1.7,2,1.6,3,1.74,2.4,0.6,0,0.3,2,1.7,3,1,1,0.4,0,0.8,1.2,1.7,2,2.1,2,0.3,0,0.7,1,0.5,0,1.06,1,-2,7,368.13,581.7,1
1.5,0,1.2,1,0.5,0,0.4,0,0.7,1,0.86,0.4,1.3,1,1.2,2,0.8,2,0.1,1,0.8,0,0.84,1.2,1.5,2,2.2,1,1.7,2,2.6,3,3.6,5,2.32,2.6,1,1,1.2,2,0.6,1,2,1,0.8,0,1.12,1,1,10,175.35,340.65,0
0.6,0,1.2,2,1.1,3,2.2,3,0.4,1,1.1,1.8,1.7,1,0.8,2,2,2,2.4,2,0.8,0,1.54,1.4,1,1,1.2,2,1.6,2,1.1,2,1.9,3,1.36,2,2.2,2,2.5,3,1.5,2,2.4,3,0.8,0,1.88,2,2,6,203.43,175.11,0
1.3,2,2.2,4,1.7,2,1.6,3,2.6,1,1.88,2.4,1,1,2.5,3,0.7,0,0.8,2,0.9,1,1.18,1.4,2.1,2,0.3,0,0.7,1,0.5,0,1.5,2,1.02,1,1.6,0,0.8,2,1.9,3,2.2,3,0.5,0,1.4,1.6,-1,8,581.7,198.9,1
0.5,0,0.9,0,0.3,0,2.6,3,2.4,1,1.34,0.8,2.1,2,1.2,2,1,1,2,3,2.1,2,1.68,2,1.7,0,0.5,0,0.3,0,0.4,0,1.1,1,0.8,0.2,1.3,2,0.8,1,2.7,2,0.7,2,0.5,1,1.2,1.6,0,13,628.73,294.9,1
1,1,0.5,0,0.8,2,0.4,0,0.5,1,0.64,0.8,2.2,2,1.9,4,0.3,0,1.1,2,1.9,3,1.48,2.2,1.3,1,0.9,0,2.2,0,0.7,0,2.1,2,1.44,0.6,1.7,1,1,0,0.3,0,0.3,0,0.4,1,0.74,0.4,-2,9,106.58,500.45,-1
0.8,0,0.3,0,1.7,2,1.7,1,0.9,1,1.08,0.8,1.4,0,1.7,3,1.6,2,2,1,3.6,5,2.06,2.2,1,1,2.2,4,0.5,0,1.7,2,2.3,2,1.54,1.8,1.3,4,1.7,2,1.1,3,0.1,1,0.7,1,0.98,2.2,1,3,95.6,501.2,-2
1.7,1,1.6,0,1.5,2,0.5,0,0.5,0,1.16,0.6,2,2,1.7,2,2.7,2,0.7,0,1.5,2,1.72,1.6,1.8,0,0.4,0,2,2,1.6,3,0.9,1,1.34,1.2,0.3,2,1.7,3,1,1,0.4,0,2.6,1,1.2,1.4,1,7,113.43,368.13,-6
1.8,0,1,0,2.2,0,2.4,3,1.1,1,1.7,0.8,1,1,0.4,0,2.2,3,2,3,1.6,2,1.44,1.8,1.7,1,1.9,4,0.8,2,2.4,2,2.4,1,1.84,2,0.8,0,1.6,0,0.5,2,0.7,2,2.4,3,1.1,1.4,-1,5,93.63,219.28,1
0.3,0,2.2,1,1.9,3,1.7,2,1.1,1,1.44,1.4,1.3,4,1.7,1,0.7,1,2.2,3,2.4,3,1.66,2.4,0.5,0,1.2,1,0.7,0,1.7,1,1.1,1,1.04,0.6,1.4,0,0.2,1,1.7,2,0.8,2,1.6,2,1.14,1.4,-1,2,390.3,741.85,-1
1.5,2,0.8,1,0.5,2,1.1,2,2.3,2,1.24,1.8,0.3,2,0.2,1,0.6,1,0.3,0,1.1,1,0.5,1,1.5,0,1.2,2,2.2,3,2.2,3,0.9,1,1.6,1.8,2,2,1.7,1,0.8,2,1.1,2,1.1,1,1.34,1.6,2,8,107.35,95.83,-3
2.5,3,0.7,0,0.8,2,0.9,1,0.4,0,1.06,1.2,1,0,2.2,0,2.4,3,1.1,1,1.6,3,1.66,1.4,0.8,2,1.9,3,2.2,3,0.5,0,1.2,1,1.32,1.8,1.9,4,0.8,2,2.4,2,2.4,1,1.4,2,1.78,2.2,1,7,198.9,93.63,2
0.4,0,2.2,3,2,3,1.6,2,1.4,2,1.52,2,1.2,2,1.1,3,2.2,3,0.4,1,1.3,1,1.24,2,1.6,0,0.5,2,0.7,2,2.4,3,1.6,3,1.36,2,1.2,2,1.6,2,1.1,2,1.9,3,0.5,1,1.26,2,-1,4,219.28,203.43,1
1.9,4,0.3,0,1.1,2,1.9,3,1.3,1,1.3,2,1.6,0,1.5,2,0.5,0,0.5,0,0.2,0,0.86,0.4,1,0,0.3,0,0.3,0,0.4,1,0.7,0,0.54,0.2,0.4,0,2,2,1.6,3,0.9,1,2.2,6,1.42,2.4,0,8,500.45,113.43,1
1.7,3,1.6,2,2,1,3.6,5,1.4,2,2.06,2.6,0.8,1,0.5,2,1.1,2,2.3,2,0.9,0,1.12,1.4,1.7,2,1.1,3,0.1,1,0.7,1,0.8,0,0.88,1.4,1.2,2,2.2,3,2.2,3,0.9,1,1.4,3,1.58,2.4,-2,7,501.2,107.35,5
0.8,2,2,2,2.4,2,0.8,0,0.5,1,1.3,1.4,0.5,0,0.8,2,0.4,0,0.5,1,0.7,0,0.58,0.6,2.5,3,1.5,2,2.4,3,0.8,0,1.3,1,1.7,1.8,0.9,0,2.2,0,0.7,0,2.1,2,1.3,1,1.44,0.6,1,4,175.11,106.58,0
1.2,2,1,1,2,3,2.1,2,0.1,0,1.28,1.6,1.2,1,0.5,0,0.4,0,0.7,1,0.4,2,0.64,0.8,0.8,1,2.7,2,0.7,2,0.5,1,1.3,1,1.2,1.4,2.2,1,1.7,2,2.6,3,3.6,5,0.7,2,2.16,2.6,-5,12,294.9,175.35,3
0.2,1,0.6,1,0.3,0,1.1,1,1.4,3,0.72,1.2,0.3,0,1.7,2,1.7,1,0.9,1,0.8,0,1.08,0.8,1.7,1,0.8,2,1.1,2,1.1,1,0.9,0,1.12,1.2,2.2,4,0.5,0,1.7,2,2.3,2,1.4,2,1.62,2,-1,5,95.83,95.6,0
1.7,1,0.7,1,2.2,3,2.4,3,1,1,1.6,1.8,0.9,0,0.3,0,2.6,3,2.4,1,1.3,1,1.5,1,0.2,1,1.7,2,0.8,2,1.6,2,1,0,1.06,1.4,0.5,0,0.3,0,0.4,0,1.1,1,0.1,0,0.48,0.2,-1,10,741.85,628.73,0
1.7,2,2.7,2,0.7,0,1.5,2,2.2,6,1.76,2.4,2.2,1,1.9,3,1.7,2,1.1,1,1,0,1.58,1.4,1.7,3,1,1,0.4,0,2.6,1,0.2,0,1.18,1,1.2,1,0.7,0,1.7,1,1.1,1,1,1,1.14,0.8,0,7,368.13,390.3,4
1.5,2,0.5,0,0.5,0,0.2,0,0.7,0,0.68,0.4,0.5,2,1.1,2,2.3,2,0.9,0,0.2,1,1,1.4,2,2,1.6,3,0.9,1,2.2,6,2.7,1,1.88,2.6,2.2,3,2.2,3,0.9,1,1.4,3,2.4,6,1.82,3.2,0,6,113.43,107.35,1
2.2,0,2.4,3,1.1,1,1.6,3,0.4,0,1.54,1.4,1.2,2,0.8,2,0.1,1,0.8,0,0.7,2,0.72,1.4,0.8,2,2.4,2,2.4,1,1.4,2,1,2,1.6,1.8,1.2,2,0.6,1,2,1,0.8,0,0.4,2,1,1.2,-3,15,93.63,340.65,-2
2.2,4,1.7,2,1.6,3,2.6,1,1.2,1,1.86,2.2,0.3,0,1.1,2,1.9,3,1.3,1,2.7,1,1.46,1.4,0.3,0,0.7,1,0.5,0,1.5,2,0.4,0,0.68,0.6,0.3,0,0.3,0,0.4,1,0.7,0,0.7,0,0.48,0.2,4,6,581.7,500.45,-2
1.7,2,1.7,1,0.9,1,0.8,0,0.4,2,1.1,1.2,0.7,0,0.8,2,0.9,1,0.4,0,1,2,0.76,1,0.5,0,1.7,2,2.3,2,1.4,2,1.1,2,1.4,1.6,1.9,3,2.2,3,0.5,0,1.2,1,0.4,0,1.24,1.4,-2,7,95.6,198.9,1
0.8,2,0.4,0,0.5,1,0.7,0,0.2,1,0.52,0.8,0.7,1,2.2,3,2.4,3,1,1,3,4,1.86,2.4,2.2,0,0.7,0,2.1,2,1.3,1,1.7,1,1.6,0.8,1.7,2,0.8,2,1.6,2,1,0,2.1,4,1.44,2,0,0,106.58,741.85,-3
1.6,2,2,1,3.6,5,1.4,2,2.4,6,2.2,3.2,0.6,1,0.3,0,1.1,1,1.4,3,1.1,2,0.9,1.4,1.1,3,0.1,1,0.7,1,0.8,0,0.2,1,0.58,1.2,0.8,2,1.1,2,1.1,1,0.9,0,0.4,2,0.86,1.4,1,13,501.2,95.83,2
0.3,0,2.6,3,2.4,1,1.3,1,2.1,4,1.74,1.8,2,2,2.4,2,0.8,0,0.5,1,1.7,1,1.48,1.2,0.3,0,0.4,0,1.1,1,0.1,0,3,4,0.98,1,1.5,2,2.4,3,0.8,0,1.3,1,0.2,1,1.24,1.4,0,13,628.73,175.11,0
0.5,0,0.4,0,0.7,1,0.4,2,0.3,0,0.46,0.6,2.7,2,0.7,0,1.5,2,2.2,6,3.7,5,2.16,3,1.7,2,2.6,3,3.6,5,0.7,2,2.1,3,2.14,3,1,1,0.4,0,2.6,1,0.2,0,0.8,1,1,0.6,0,5,175.35,368.13,-1
1.9,3,1.7,2,1.1,1,1,0,0.8,1,1.3,1.4,2.2,3,2,3,1.6,2,1.4,2,1.3,1,1.7,2.2,0.7,0,1.7,1,1.1,1,1,1,3.7,5,1.64,1.6,0.5,2,0.7,2,2.4,3,1.6,3,1.4,0,1.32,2,-2,10,390.3,219.28,1
1.1,3,2.2,3,0.4,1,1.3,1,1.4,0,1.28,1.6,1,1,2,3,2.1,2,0.1,0,2.1,3,1.46,1.8,1.6,2,1.1,2,1.9,3,0.5,1,1.3,1,1.28,1.8,2.7,2,0.7,2,0.5,1,1.3,1,0.3,0,1.1,1.2,2,0,203.43,294.9,-4
0.8,2,0.1,1,0.8,0,0.7,2,0.9,2,0.66,1.4,0.5,0,0.5,0,0.2,0,0.7,0,1.7,1,0.72,0.2,0.6,1,2,1,0.8,0,0.4,2,0.8,0,0.92,0.8,1.6,3,0.9,1,2.2,6,2.7,1,0.3,0,1.54,2.2,0,12,340.65,113.43,1
0.8,2,0.9,1,0.4,0,1,2,0.9,2,0.8,1.4,2.6,3,2.4,1,1.3,1,2.1,4,2.4,2,2.16,2.2,2.2,3,0.5,0,1.2,1,0.4,0,2.3,3,1.32,1.4,0.4,0,1.1,1,0.1,0,3,4,1.2,2,1.16,1.4,0,4,198.9,628.73,-2
0.3,0,1.1,1,1.4,3,1.1,2,0.1,0,0.8,1.2,1.7,2,1.6,3,2.6,1,1.2,1,0.7,0,1.56,1.4,1.1,2,1.1,1,0.9,0,0.4,2,1.2,2,0.94,1.4,0.7,1,0.5,0,1.5,2,0.4,0,1.1,2,0.84,1,-1,3,95.83,581.7,-1
1.1,2,1.9,3,1.3,1,2.7,1,1.1,2,1.62,1.8,2,1,3.6,5,1.4,2,2.4,6,1.2,2,2.12,3.2,0.3,0,0.4,1,0.7,0,0.7,0,0.7,0,0.56,0.2,0.1,1,0.7,1,0.8,0,0.2,1,0.1,0,0.38,0.6,1,7,500.45,501.2,-3
2,3,1.6,2,1.4,2,1.3,1,0.2,0,1.3,1.6,0.4,0,0.7,1,0.4,2,0.3,0,0.6,1,0.48,0.8,0.7,2,2.4,3,1.6,3,1.4,0,0.6,1,1.34,1.8,0.4,0,2.6,1,0.2,0,0.8,1,0.9,0,0.98,0.4,0,9,219.28,368.13,-1
1.1,2,2.3,2,0.9,0,0.2,1,0.3,0,0.96,1,1.7,2,1.1,1,1,0,0.8,1,0.6,1,1.04,1,2.2,3,0.9,1,1.4,3,2.4,6,1.7,1,1.72,2.8,1.7,1,1.1,1,1,1,3.7,5,0.2,0,1.54,1.6,2,9,107.35,390.3,1
2.2,3,2.4,3,1,1,3,4,1.1,3,1.94,2.8,1.7,1,0.9,1,0.8,0,0.4,2,2.3,3,1.22,1.4,0.8,2,1.6,2,1,0,2.1,4,0.3,0,1.16,1.6,1.7,2,2.3,2,1.4,2,1.1,2,0.9,2,1.48,2,0,12,741.85,95.6,1
0.4,0,0.5,1,0.7,0,0.2,1,0.3,0,0.42,0.4,2.2,3,0.4,1,1.3,1,1.4,0,1.1,1,1.28,1.2,0.7,0,2.1,2,1.3,1,1.7,1,1.1,3,1.38,1.4,1.1,2,1.9,3,0.5,1,1.3,1,2.9,5,1.54,2.4,1,1,106.58,203.43,1
2.4,2,0.8,0,0.5,1,1.7,1,1.2,2,1.32,1.2,0.4,0,0.7,1,0.4,2,0.3,0,0.9,0,0.54,0.6,2.4,3,0.8,0,1.3,1,0.2,1,2.4,2,1.42,1.4,2.6,3,3.6,5,0.7,2,2.1,3,0.5,1,1.9,2.8,1,9,175.11,175.35,-1
2,3,2.1,2,0.1,0,2.1,3,2.9,5,1.84,2.6,2.4,3,1.1,1,1.6,3,0.4,0,0.8,0,1.26,1.4,0.7,2,0.5,1,1.3,1,0.3,0,1.1,1,0.78,1,2.4,2,2.4,1,1.4,2,1,2,0.9,2,1.62,1.8,-2,13,294.9,93.63,1
0.7,1,0.4,2,0.3,0,0.9,0,1.4,1,0.74,0.8,0.4,1,1.3,1,1.4,0,1.1,1,0.4,0,0.92,0.6,3.6,5,0.7,2,2.1,3,0.5,1,1.1,0,1.6,2.2,1.9,3,0.5,1,1.3,1,2.9,5,0.6,1,1.44,2.2,0,4,175.35,203.43,0
2,3,2.1,2,0.1,0,2.1,3,0.7,0,1.4,1.6,0.5,1,0.7,0,0.2,1,0.3,0,0.6,1,0.46,0.6,0.9,1,2.2,6,2.7,1,0.3,0,1.4,1,1.5,1.8,2.1,2,1.3,1,1.7,1,1.1,3,0.4,0,1.32,1.4,2,8,113.43,106.58,0
0.9,1,0.8,0,0.4,2,2.3,3,1,0,1.08,1.2,0.8,0,0.5,1,1.7,1,1.2,2,1.1,0,1.06,0.8,2.3,2,1.4,2,1.1,2,0.9,2,2.4,1,1.62,1.8,0.8,0,1.3,1,0.2,1,2.4,2,1.4,1,1.22,1,1,5,95.6,175.11,-1
1.1,1,1.6,3,0.4,0,0.8,0,0.3,1,0.84,1,1.6,3,2.6,1,1.2,1,0.7,0,2.5,1,1.72,1.2,2.4,1,1.4,2,1,2,0.9,2,2.9,2,1.72,1.8,0.5,0,1.5,2,0.4,0,1.1,2,1.2,0,0.94,0.8,1,1,93.63,581.7,0
2.4,1,1.3,1,2.1,4,2.4,2,1.3,2,1.9,2,1.6,2,1.4,2,1.3,1,0.2,0,0.6,0,1.02,1,1.1,1,0.1,0,3,4,1.2,2,0.6,0,1.2,1.4,2.4,3,1.6,3,1.4,0,0.6,1,0.6,1,1.32,1.6,-2,13,628.73,219.28,2
3.6,5,1.4,2,2.4,6,1.2,2,1.2,3,1.96,3.6,0.9,1,0.4,0,1,2,0.9,2,0.6,0,0.76,1,0.7,1,0.8,0,0.2,1,0.1,0,0.8,0,0.52,0.4,0.5,0,1.2,1,0.4,0,2.3,3,1.3,2,1.14,1.2,-4,11,501.2,198.9,1
0.7,1,0.4,2,0.3,0,0.6,1,0.6,1,0.52,1,2.3,2,0.9,0,0.2,1,0.3,0,1.1,3,0.96,1.2,2.6,1,0.2,0,0.8,1,0.9,0,0.6,0,1.02,0.4,0.9,1,1.4,3,2.4,6,1.7,1,1.7,2,1.62,2.6,-4,9,368.13,107.35,2
1.1,1,1,0,0.8,1,0.6,1,1.7,2,1.04,1,0.1,1,0.8,0,0.7,2,0.9,2,1.4,1,0.78,1.2,1.1,1,1,1,3.7,5,0.2,0,1.1,3,1.42,2,2,1,0.8,0,0.4,2,0.8,0,0.7,0,0.94,0.6,-2,7,390.3,340.65,-1
1.1,1,1.4,3,1.1,2,0.1,0,1.2,0,0.98,1.2,2.1,2,0.1,0,2.1,3,2.9,5,2.9,2,2.02,2.4,1.1,1,0.9,0,0.4,2,1.2,2,2.5,1,1.22,1.2,0.5,1,1.3,1,0.3,0,1.1,1,0.3,1,0.7,0.8,5,1,95.83,294.9,-1
2.4,3,1,1,3,4,1.1,3,2.4,1,1.98,2.4,1.9,3,1.3,1,2.7,1,1.1,2,0.8,0,1.56,1.4,1.6,2,1,0,2.1,4,0.3,0,1,0,1.2,1.2,0.4,1,0.7,0,0.7,0,0.7,0,1.2,3,0.74,0.8,-3,13,741.85,500.45,0
0.9,0,0.2,1,0.3,0,1.1,3,0.4,1,0.58,1,1,1,3,4,1.1,3,2.4,1,1.5,1,1.8,2,1.4,3,2.4,6,1.7,1,1.7,2,1.9,3,1.82,3,1,0,2.1,4,0.3,0,1,0,0.7,1,1.02,1,0,2,107.35,741.85,-5
2.6,1,1.2,1,0.7,0,2.5,1,3.3,3,2.06,1.2,1.3,1,2.1,4,2.4,2,1.3,2,1.7,2,1.76,2.2,1.5,2,0.4,0,1.1,2,1.2,0,1.7,3,1.18,1.4,0.1,0,3,4,1.2,2,0.6,0,0.4,0,1.06,1.2,0,7,581.7,628.73,0
0.5,1,1.7,1,1.2,2,1.1,0,1,2,1.1,1.2,1.4,2,2.4,6,1.2,2,1.2,3,0.9,2,1.42,3,1.3,1,0.2,1,2.4,2,1.4,1,0.8,1,1.22,1.2,0.8,0,0.2,1,0.1,0,0.8,0,0.8,1,0.54,0.4,1,4,175.11,501.2,-2
0.4,2,0.3,0,0.9,0,1.4,1,0.9,1,0.78,0.8,1.6,3,0.4,0,0.8,0,0.3,1,1.7,3,0.96,1.4,0.7,2,2.1,3,0.5,1,1.1,0,1.4,1,1.16,1.4,1.4,2,1,2,0.9,2,2.9,2,3.3,3,1.9,2.2,2,13,175.35,93.63,0
1.3,1,1.4,0,1.1,1,0.4,0,1.4,1,1.12,0.6,0.4,2,0.3,0,0.6,1,0.6,1,1.9,3,0.76,1.4,0.5,1,1.3,1,2.9,5,0.6,1,0.9,1,1.24,1.8,0.2,0,0.8,1,0.9,0,0.6,0,0.4,1,0.58,0.4,3,0,203.43,368.13,-2
1.4,2,1.3,1,0.2,0,0.6,0,0.4,0,0.78,0.6,1.4,3,1.1,2,0.1,0,1.2,0,1,0,0.96,1,1.6,3,1.4,0,0.6,1,0.6,1,1.7,2,1.18,1.4,0.9,0,0.4,2,1.2,2,2.5,1,1.6,1,1.32,1.2,1,11,219.28,95.83,0
1.3,1,2.7,1,1.1,2,0.8,0,0.7,1,1.32,1,1,0,0.8,1,0.6,1,1.7,2,1.3,2,1.08,1.2,0.7,0,0.7,0,0.7,0,1.2,3,1.5,1,0.96,0.8,1,1,3.7,5,0.2,0,1.1,3,1.7,3,1.54,2.4,0,11,500.45,390.3,1
0.1,0,2.1,3,2.9,5,2.9,2,1.6,1,1.92,2.2,0.8,0,0.7,2,0.9,2,1.4,1,1.7,3,1.1,1.6,1.3,1,0.3,0,1.1,1,0.3,1,1,0,0.8,0.6,0.8,0,0.4,2,0.8,0,0.7,0,1.3,2,0.8,0.8,0,12,294.9,340.65,3
0.7,0,0.2,1,0.3,0,0.6,1,0.6,1,0.48,0.6,0.4,0,1,2,0.9,2,0.6,0,0.8,1,0.74,1,1.3,1,1.7,1,1.1,3,0.4,0,1.6,1,1.22,1.2,1.2,1,0.4,0,2.3,3,1.3,2,0.9,2,1.22,1.6,2,10,106.58,198.9,0
0.8,0,0.4,2,2.3,3,1,0,0.8,1,1.06,1.2,2.1,2,0.1,0,2.1,3,0.7,0,1.6,1,1.32,1.2,1.4,2,1.1,2,0.9,2,2.4,1,1,2,1.36,1.8,2.2,6,2.7,1,0.3,0,1.4,1,0.6,1,1.44,1.8,-1,6,95.6,113.43,-1
0.4,0,0.8,0,0.3,1,1.7,3,3,2,1.24,1.2,0.2,1,0.3,0,1.1,3,0.4,1,0.5,0,0.5,1,1,2,0.9,2,2.9,2,3.3,3,1.7,2,1.96,2.2,2.4,6,1.7,1,1.7,2,1.9,3,3.2,5,2.18,3.4,-1,5,93.63,107.35,1
1.4,0,1.1,1,0.4,0,1.4,1,1.1,0,1.08,0.4,1.1,2,0.1,0,1.2,0,1,0,0.9,1,0.86,0.6,1.3,1,2.9,5,0.6,1,0.9,1,0.8,2,1.3,2,0.4,2,1.2,2,2.5,1,1.6,1,1,1,1.34,1.4,0,4,203.43,95.83,0
1.2,1,0.7,0,2.5,1,3.3,3,0.3,0,1.6,1,0.2,1,0.3,0,0.6,1,0.6,1,0.1,1,0.36,0.8,0.4,0,1.1,2,1.2,0,1.7,3,0.4,0,0.96,1,1.7,1,1.1,3,0.4,0,1.6,1,0.8,1,1.12,1.2,-1,10,581.7,106.58,3
0.7,2,0.9,2,1.4,1,1.7,3,0.1,0,0.96,1.6,0.4,2,2.3,3,1,0,0.8,1,2.5,0,1.4,1.2,0.4,2,0.8,0,0.7,0,1.3,2,2,3,1.04,1.4,1.1,2,0.9,2,2.4,1,1,2,0.7,1,1.22,1.6,-2,5,340.65,95.6,3
1,2,0.9,2,0.6,0,0.8,1,0.8,1,0.82,1.2,0.3,0,0.9,0,1.4,1,0.9,1,1.7,2,1.04,0.8,0.4,0,2.3,3,1.3,2,0.9,2,0.1,1,1,1.6,2.1,3,0.5,1,1.1,0,1.4,1,3,2,1.62,1.4,-1,9,198.9,175.35,-2
1.3,1,0.2,0,0.6,0,0.4,0,1,1,0.7,0.4,2.7,1,1.1,2,0.8,0,0.7,1,1.4,1,1.34,1,1.4,0,0.6,1,0.6,1,1.7,2,0.9,1,1.04,1,0.7,0,0.7,0,1.2,3,1.5,1,0.6,0,0.94,0.8,0,4,219.28,500.45,-1
1.7,1,1.2,2,1.1,0,1,2,0.7,1,1.14,1.2,2.1,3,2.9,5,2.9,2,1.6,1,2,3,2.3,2.8,0.2,1,2.4,2,1.4,1,0.8,1,2.7,3,1.5,1.6,0.3,0,1.1,1,0.3,1,1,0,0.1,0,0.56,0.4,5,1,175.11,294.9,2
0.1,0,2.1,3,0.7,0,1.6,1,0.7,1,1.04,1,2.1,4,2.4,2,1.3,2,1.7,2,0.4,0,1.58,2,2.7,1,0.3,0,1.4,1,0.6,1,2.5,0,1.5,0.6,3,4,1.2,2,0.6,0,0.4,0,0.3,0,1.1,1.2,2,4,113.43,628.73,0
0.8,1,0.6,1,1.7,2,1.3,2,0.6,0,1,1.2,2.4,6,1.2,2,1.2,3,0.9,2,2.7,3,1.68,3.2,3.7,5,0.2,0,1.1,3,1.7,3,1.4,1,1.62,2.4,0.2,1,0.1,0,0.8,0,0.8,1,0.7,1,0.52,0.6,-2,5,390.3,501.2,-2
3,4,1.1,3,2.4,1,1.5,1,3.2,5,2.24,2.8,1.2,2,1.1,0,1,2,0.7,1,1.5,3,1.1,1.6,2.1,4,0.3,0,1,0,0.7,1,0.5,0,0.92,1,2.4,2,1.4,1,0.8,1,2.7,3,2.5,1,1.96,1.6,5,6,741.85,175.11,2
1.2,2,1.2,3,0.9,2,2.7,3,1.3,2,1.46,2.4,0.7,0,2.5,1,3.3,3,0.3,0,2.3,3,1.82,1.4,0.1,0,0.8,0,0.8,1,0.7,1,0.4,0,0.56,0.4,1.1,2,1.2,0,1.7,3,0.4,0,0.5,0,0.98,1,1,7,501.2,581.7,1
0.9,0,1.4,1,0.9,1,1.7,2,1.6,2,1.3,1.2,0.2,0,0.6,0,0.4,0,1,1,0.3,0,0.5,0.2,0.5,1,1.1,0,1.4,1,3,2,0.6,0,1.32,0.8,0.6,1,0.6,1,1.7,2,0.9,1,1.4,1,1.04,1.2,0,4,175.35,219.28,0
2.4,2,1.3,2,1.7,2,0.4,0,1.3,1,1.42,1.4,0.9,2,1.4,1,1.7,3,0.1,0,3.2,3,1.46,1.8,1.2,2,0.6,0,0.4,0,0.3,0,1.5,1,0.8,0.6,0.8,0,0.7,0,1.3,2,2,3,0.4,0,1.04,1,2,11,628.73,340.65,0
0.6,1,1.7,2,1.3,2,0.6,0,0.4,0,0.92,1,2.1,3,0.7,0,1.6,1,0.7,1,1.5,1,1.32,1.2,0.2,0,1.1,3,1.7,3,1.4,1,1.3,2,1.14,1.8,0.3,0,1.4,1,0.6,1,2.5,0,1.3,1,1.22,0.6,-1,15,390.3,113.43,3
0.3,0,0.6,1,0.6,1,1.9,3,0.8,2,0.84,1.4,0.8,0,0.3,1,1.7,3,3,2,1.8,1,1.52,1.4,0.8,1,0.9,0,0.6,0,0.4,1,1.1,0,0.76,0.4,0.9,2,2.9,2,3.3,3,1.7,2,0.7,0,1.9,1.8,-5,11,368.13,93.63,1
0.3,0,1.1,3,0.4,1,0.5,0,0.7,0,0.6,0.8,0.3,0,0.6,1,0.6,1,0.1,1,0.5,0,0.42,0.6,1.7,1,1.7,2,1.9,3,3.2,5,1.8,1,2.06,2.4,1.1,3,0.4,0,1.6,1,0.8,1,2.3,3,1.24,1.6,1,7,107.35,106.58,-3
2.3,3,1,0,0.8,1,2.5,0,0.4,0,1.4,0.8,1.1,1,0.4,0,1.4,1,1.1,0,1.3,1,1.06,0.6,0.9,2,2.4,1,1,2,0.7,1,2.3,3,1.46,1.8,2.9,5,0.6,1,0.9,1,0.8,2,1.3,1,1.3,2,0,11,95.6,203.43,0
1.1,2,0.8,0,0.7,1,1.4,1,1.4,1,1.08,1,2.9,5,2.9,2,1.6,1,2,3,2.5,1,2.38,2.4,0.7,0,1.2,3,1.5,1,0.6,0,0.3,0,0.86,0.8,1.1,1,0.3,1,1,0,0.1,0,1.5,3,0.8,1,0,9,500.45,294.9,-1
0.1,0,1.2,0,1,0,0.9,1,1.3,1,0.9,0.4,0.9,2,0.6,0,0.8,1,0.8,1,0.2,0,0.66,0.8,1.2,2,2.5,1,1.6,1,1,1,1.3,1,1.52,1.2,2.3,3,1.3,2,0.9,2,0.1,1,1.6,2,1.24,2,-2,1,95.83,198.9,-1
0.6,1,0.6,1,0.1,1,0.5,0,1.3,4,0.62,1.4,0.6,0,0.4,0,1,1,0.3,0,0.6,0,0.58,0.2,0.4,0,1.6,1,0.8,1,2.3,3,0.9,1,1.2,1.2,0.6,1,1.7,2,0.9,1,1.4,1,0.5,0,1.02,1,-1,8,106.58,219.28,-1
0.3,1,1.7,3,3,2,1.8,1,0.8,0,1.52,1.4,1.2,3,0.9,2,2.7,3,1.3,2,2.1,2,1.64,2.4,2.9,2,3.3,3,1.7,2,0.7,0,0.3,1,1.78,1.6,0.8,0,0.8,1,0.7,1,0.4,0,0.7,1,0.68,0.6,2,3,93.63,501.2,-1
0.6,0,0.8,1,0.8,1,0.2,0,1.2,2,0.72,0.8,0.8,0,0.7,1,1.4,1,1.4,1,0.5,0,0.96,0.6,1.3,2,0.9,2,0.1,1,1.6,2,1.3,1,1.04,1.6,1.2,3,1.5,1,0.6,0,0.3,0,0.3,1,0.78,1,-1,3,198.9,500.45,-2
1.3,2,1.7,2,0.4,0,1.3,1,1,2,1.14,1.4,1,0,0.8,1,2.5,0,0.4,0,0.3,2,1,0.6,0.6,0,0.4,0,0.3,0,1.5,1,0.9,2,0.74,0.6,2.4,1,1,2,0.7,1,2.3,3,1,2,1.48,1.8,-3,12,628.73,95.6,0
0.7,0,1.6,1,0.7,1,1.5,1,0.9,1,1.08,0.8,1.2,0,1,0,0.9,1,1.3,1,1.3,1,1.14,0.6,1.4,1,0.6,1,2.5,0,1.3,1,1.8,4,1.52,1.4,2.5,1,1.6,1,1,1,1.3,1,1.2,2,1.52,1.2,2,6,113.43,95.83,1
1.1,0,1,2,0.7,1,1.5,3,0.4,1,0.94,1.4,1.1,3,0.4,1,0.5,0,0.7,0,0.9,1,0.72,1,1.4,1,0.8,1,2.7,3,2.5,1,1.8,3,1.84,1.8,1.7,2,1.9,3,3.2,5,1.8,1,1.3,4,1.98,3,2,7,175.11,107.35,-1
1.4,1,1.7,3,0.1,0,3.2,3,0.9,2,1.46,1.8,0.6,1,0.6,1,1.9,3,0.8,2,0.3,1,0.84,1.6,0.7,0,1.3,2,2,3,0.4,0,1,2,1.08,1.4,0.9,0,0.6,0,0.4,1,1.1,0,0.8,0,0.76,0.2,1,8,340.65,368.13,1
0.4,0,1.4,1,1.1,0,1.3,1,1,2,1.04,0.8,1.7,2,1.3,2,0.6,0,0.4,0,1.8,4,1.16,1.6,0.6,1,0.9,1,0.8,2,1.3,1,0.3,2,0.78,1.4,1.1,3,1.7,3,1.4,1,1.3,2,0.9,1,1.28,2,4,3,203.43,390.3,2
2.5,1,3.3,3,0.3,0,2.3,3,0.7,1,1.82,1.6,1.4,1,0.9,1,1.7,2,1.6,2,0.5,0,1.22,1.2,1.2,0,1.7,3,0.4,0,0.5,0,2.1,2,1.18,1,1.1,0,1.4,1,3,2,0.6,0,0.6,0,1.34,0.6,-4,10,581.7,175.35,0
2.9,2,1.6,1,2,3,2.5,1,0.3,1,1.86,1.6,1.1,3,2.4,1,1.5,1,3.2,5,1.8,3,2,2.6,0.3,1,1,0,0.1,0,1.5,3,0.5,0,0.68,0.8,0.3,0,1,0,0.7,1,0.5,0,0.4,1,0.58,0.4,-2,10,294.9,741.85,-6
0.4,1,0.5,0,0.7,0,0.9,1,2.6,3,1.02,1,3.3,3,0.3,0,2.3,3,0.7,1,1.1,0,1.54,1.4,1.9,3,3.2,5,1.8,1,1.3,4,1.9,3,2.02,3.2,1.7,3,0.4,0,0.5,0,2.1,2,0.3,0,1,1,0,0,107.35,581.7,-1
0.4,0,1,1,0.3,0,0.6,0,1,1,0.66,0.4,1.7,3,0.1,0,3.2,3,0.9,2,1.2,1,1.42,1.8,1.7,2,0.9,1,1.4,1,0.5,0,0.6,0,1.02,0.8,1.3,2,2,3,0.4,0,1,2,1,0,1.14,1.4,2,11,219.28,340.65,-2
0.9,1,1.7,2,1.6,2,0.5,0,0.3,0,1,1,0.7,1,1.4,1,1.4,1,0.5,0,2.2,3,1.24,1.2,1.4,1,3,2,0.6,0,0.6,0,1.1,0,1.34,0.6,1.5,1,0.6,0,0.3,0,0.3,1,1.4,1,0.82,0.6,-1,4,175.35,500.45,-1
1.6,1,0.7,1,1.5,1,0.9,1,1.5,2,1.24,1.2,1.6,1,2,3,2.5,1,0.3,1,0.4,0,1.36,1.2,0.6,1,2.5,0,1.3,1,1.8,4,0.6,1,1.36,1.4,1,0,0.1,0,1.5,3,0.5,0,2,6,1.02,1.8,1,9,113.43,294.9,-1
1.3,2,0.6,0,0.4,0,1.8,4,0.3,0,0.88,1.2,1,2,0.7,1,1.5,3,0.4,1,1.9,2,1.1,1.8,1.7,3,1.4,1,1.3,2,0.9,1,1.2,2,1.3,1.8,0.8,1,2.7,3,2.5,1,1.8,3,2.6,3,2.08,2.2,-3,13,390.3,175.11,5
0.8,1,2.5,0,0.4,0,0.3,2,0.4,2,0.88,1,1.7,3,3,2,1.8,1,0.8,0,1.4,0,1.74,1.2,1,2,0.7,1,2.3,3,1,2,2.1,2,1.42,2,3.3,3,1.7,2,0.7,0,0.3,1,1.5,1,1.5,1.4,3,6,95.6,93.63,1
0.9,2,2.7,3,1.3,2,2.1,2,1.5,1,1.7,2,0.6,1,0.1,1,0.5,0,1.3,4,0.6,0,0.62,1.2,0.8,1,0.7,1,0.4,0,0.7,1,1.4,0,0.8,0.6,1.6,1,0.8,1,2.3,3,0.9,1,1,1,1.32,1.4,-5,10,501.2,106.58,1
1,0,0.9,1,1.3,1,1.3,1,0.6,1,1.02,0.8,1.7,2,0.4,0,1.3,1,1,2,2.1,2,1.3,1.4,1.6,1,1,1,1.3,1,1.2,2,1.5,2,1.32,1.4,0.4,0,0.3,0,1.5,1,0.9,2,0.4,2,0.7,1,2,3,95.83,628.73,-1
0.6,1,1.9,3,0.8,2,0.3,1,1,0,0.92,1.4,0.8,1,0.8,1,0.2,0,1.2,2,1.4,1,0.88,1,0.6,0,0.4,1,1.1,0,0.8,0,1.2,1,0.82,0.4,0.9,2,0.1,1,1.6,2,1.3,1,2.2,3,1.22,1.8,0,10,368.13,198.9,-1
2.4,1,1.5,1,3.2,5,1.8,3,2,6,2.18,3.2,1.4,1,1.1,0,1.3,1,1,2,1.2,2,1.2,1.2,1,0,0.7,1,0.5,0,0.4,1,0.4,0,0.6,0.4,0.9,1,0.8,2,1.3,1,0.3,2,0.3,0,0.72,1.2,-4,3,741.85,203.43,2
0.1,1,0.5,0,1.3,4,0.6,0,1.3,2,0.76,1.4,1.7,2,1.6,2,0.5,0,0.3,0,1,1,1.02,1,0.8,1,2.3,3,0.9,1,1,1,1.3,3,1.26,1.8,3,2,0.6,0,0.6,0,1.1,0,1.2,2,1.3,0.8,-1,5,106.58,175.35,-1
0.7,1,1.5,3,0.4,1,1.9,2,0.4,0,0.98,1.4,0.9,1,1.3,1,1.3,1,0.6,1,1.3,1,1.08,1,2.7,3,2.5,1,1.8,3,2.6,3,5.4,5,3,3,1,1,1.3,1,1.2,2,1.5,2,1.8,2,1.36,1.6,0,1,175.11,95.83,1
3,2,1.8,1,0.8,0,1.4,0,2.1,1,1.82,0.8,1.5,1,3.2,5,1.8,3,2,6,1.6,2,2.02,3.4,1.7,2,0.7,0,0.3,1,1.5,1,1.5,2,1.14,1.2,0.7,1,0.5,0,0.4,1,0.4,0,0.3,0,0.46,0.4,1,3,93.63,741.85,-3
2,3,2.5,1,0.3,1,0.4,0,1.6,2,1.36,1.4,2.7,3,1.3,2,2.1,2,1.5,1,1.3,3,1.78,2.2,0.1,0,1.5,3,0.5,0,2,6,0.7,1,0.96,2,0.7,1,0.4,0,0.7,1,1.4,0,1.3,2,0.9,0.8,1,5,294.9,501.2,0
0.8,1,0.2,0,1.2,2,1.4,1,0.9,2,0.9,1.2,1,1,0.3,0,0.6,0,1,1,0.3,0,0.64,0.4,0.1,1,1.6,2,1.3,1,2.2,3,2.1,1,1.46,1.6,0.9,1,1.4,1,0.5,0,0.6,0,1.7,2,1.02,0.8,-2,6,198.9,219.28,0
1.4,1,1.4,1,0.5,0,2.2,3,1.2,2,1.34,1.4,2.5,0,0.4,0,0.3,2,0.4,2,1.5,2,1.02,1.2,0.6,0,0.3,0,0.3,1,1.4,1,1,1,0.72,0.6,0.7,1,2.3,3,1,2,2.1,2,2.1,1,1.64,1.8,1,5,500.45,95.6,1
0.4,0,1.3,1,1,2,2.1,2,1.8,2,1.32,1.4,1.9,3,0.8,2,0.3,1,1,0,2.1,1,1.22,1.4,0.3,0,1.5,1,0.9,2,0.4,2,1.3,1,0.88,1.2,0.4,1,1.1,0,0.8,0,1.2,1,0.9,2,0.88,0.8,1,12,628.73,368.13,0
0.3,0,2.3,3,0.7,1,1.1,0,0.8,1,1.04,1,0.6,0,0.4,0,1.8,4,0.3,0,5.4,5,1.7,1.8,0.4,0,0.5,0,2.1,2,0.3,0,0.7,0,0.8,0.4,1.4,1,1.3,2,0.9,1,1.2,2,0.4,0,1.04,1.2,2,8,581.7,390.3,0
1.1,0,1.3,1,1,2,1.2,2,0.3,0,0.98,1,0.7,1,1.5,1,0.9,1,1.5,2,0.7,1,1.06,1.2,0.8,2,1.3,1,0.3,2,0.3,0,1.6,2,0.86,1.4,2.5,0,1.3,1,1.8,4,0.6,1,1.6,2,1.56,1.6,-2,2,203.43,113.43,2
0.1,0,3.2,3,0.9,2,1.2,1,1.7,2,1.42,1.6,0.5,0,0.7,0,0.9,1,2.6,3,0.7,0,1.08,0.8,2,3,0.4,0,1,2,1,0,0.3,0,0.94,1,3.2,5,1.8,1,1.3,4,1.9,3,0.8,1,1.8,2.8,-1,13,340.65,107.35,-1
0.4,0,0.3,2,0.4,2,1.5,2,0.2,0,0.56,1.2,0.5,0,1.3,4,0.6,0,1.3,2,1.3,1,1,1.4,2.3,3,1,2,2.1,2,2.1,1,1.9,1,1.88,1.8,2.3,3,0.9,1,1,1,1.3,3,1.8,2,1.46,2,-1,10,95.6,106.58,0
0.8,2,0.3,1,1,0,2.1,1,1,2,1.04,1.2,1.4,1,0.5,0,2.2,3,1.2,2,1.9,1,1.44,1.4,1.1,0,0.8,0,1.2,1,0.9,2,1.5,2,1.1,1,0.3,0,0.3,1,1.4,1,1,1,0.2,0,0.64,0.6,0,2,368.13,500.45,-3
0.7,0,0.9,1,2.6,3,0.7,0,0.8,3,1.14,1.4,0.2,0,1.2,2,1.4,1,0.9,2,0.7,2,0.88,1.4,1.8,1,1.3,4,1.9,3,0.8,1,2.2,2,1.6,2.2,1.6,2,1.3,1,2.2,3,2.1,1,0.6,2,1.56,1.8,-1,10,107.35,198.9,0
1.3,1,1.3,1,0.6,1,1.3,1,2.2,1,1.34,1,1.8,1,0.8,0,1.4,0,2.1,1,0.3,0,1.28,0.4,1.3,1,1.2,2,1.5,2,1.8,2,1.4,2,1.44,1.8,0.7,0,0.3,1,1.5,1,1.5,2,3.2,3,1.44,1.4,0,6,95.83,93.63,-1
1.5,1,0.9,1,1.5,2,0.7,1,0.4,0,1,1,1.6,2,0.5,0,0.3,0,1,1,1.8,2,1.04,1,1.3,1,1.8,4,0.6,1,1.6,2,2,2,1.46,2,0.6,0,0.6,0,1.1,0,1.2,2,1.3,1,0.96,0.6,-2,5,113.43,175.35,0
0.3,0,0.6,0,1,1,0.3,0,0.6,2,0.56,0.6,1.5,3,0.4,1,1.9,2,0.4,0,1.4,2,1.12,1.6,1.4,1,0.5,0,0.6,0,1.7,2,0.7,2,0.98,1,2.5,1,1.8,3,2.6,3,5.4,5,2.2,1,2.9,2.6,-1,8,219.28,175.11,0
0.4,0,1.8,4,0.3,0,5.4,5,1.3,1,1.84,2,2.5,1,0.3,1,0.4,0,1.6,2,0.6,1,1.08,1,1.3,2,0.9,1,1.2,2,0.4,0,1.9,1,1.14,1.2,1.5,3,0.5,0,2,6,0.7,1,2.7,1,1.48,2.2,-1,10,390.3,294.9,2
0.3,1,0.4,0,1.6,2,0.6,1,0.9,0,0.76,0.8,1.3,1,1,2,1.2,2,0.3,0,2,2,1.16,1.4,0.5,0,2,6,0.7,1,2.7,1,1.1,2,1.4,2,1.3,1,0.3,2,0.3,0,1.6,2,0.4,0,0.78,1,-6,3,294.9,203.43,0
1.3,4,0.6,0,1.3,2,1.3,1,1.8,1,1.26,1.6,0.9,1,1.5,2,0.7,1,0.4,0,0.6,0,0.82,0.8,0.9,1,1,1,1.3,3,1.8,2,0.8,1,1.16,1.6,1.8,4,0.6,1,1.6,2,2,2,1.1,0,1.42,1.8,1,11,106.58,113.43,-2
1.2,2,1.4,1,0.9,2,0.7,2,0.8,0,1,1.4,1.3,2,2.1,2,1.5,1,1.3,3,2.7,1,1.78,1.8,1.3,1,2.2,3,2.1,1,0.6,2,1,0,1.44,1.4,0.4,0,0.7,1,1.4,0,1.3,2,0.6,1,0.88,0.8,-2,3,198.9,501.2,0
0.6,0,1,1,0.3,0,0.6,2,1.1,0,0.72,0.6,1.3,1,1,2,2.1,2,1.8,2,1.5,2,1.54,1.8,0.5,0,0.6,0,1.7,2,0.7,2,0.4,0,0.78,0.8,1.5,1,0.9,2,0.4,2,1.3,1,1,2,1.02,1.6,-2,2,219.28,628.73,0
2.3,3,0.7,1,1.1,0,0.8,1,1.9,1,1.36,1.2,0.8,0,1.4,0,2.1,1,0.3,0,0.8,2,1.08,0.6,0.5,0,2.1,2,0.3,0,0.7,0,1.3,1,0.98,0.6,0.3,1,1.5,1,1.5,2,3.2,3,1.4,1,1.58,1.6,-1,13,581.7,93.63,0
0.5,0,0.3,0,1,1,1.8,2,1.1,0,0.94,0.6,0.4,1,1.9,2,0.4,0,1.4,2,0.4,0,0.9,1,0.6,0,1.1,0,1.2,2,1.3,1,0.6,0,0.96,0.6,1.8,3,2.6,3,5.4,5,2.2,1,1.1,0,2.62,2.4,0,4,175.35,175.11,1
0.3,2,0.4,2,1.5,2,0.2,0,0.8,1,0.64,1.4,3.2,5,1.8,3,2,6,1.6,2,3.2,3,2.36,3.8,1,2,2.1,2,2.1,1,1.9,1,1.8,1,1.78,1.4,0.5,0,0.4,1,0.4,0,0.3,0,0.3,0,0.38,0.2,3,7,95.6,741.85,-1
3.2,3,0.9,2,1.2,1,1.7,2,2.2,2,1.84,2,1.8,4,0.3,0,5.4,5,1.3,1,1.1,2,1.98,2.4,0.4,0,1,2,1,0,0.3,0,0.8,3,0.7,1,0.9,1,1.2,2,0.4,0,1.9,1,0.9,0,1.06,0.8,6,7,340.65,390.3,0
0.5,0,2.2,3,1.2,2,1.9,1,1.6,3,1.48,1.8,0.9,1,2.6,3,0.7,0,0.8,3,1,0,1.2,1.4,0.3,1,1.4,1,1,1,0.2,0,1,0,0.78,0.6,1.3,4,1.9,3,0.8,1,2.2,2,0.8,0,1.4,2,0,9,500.45,107.35,2
1.3,1,0.6,1,1.3,1,2.2,1,1.4,1,1.36,1,0.3,1,1,0,2.1,1,1,2,1,0,1.08,0.8,1.2,2,1.5,2,1.8,2,1.4,2,0.8,2,1.34,2,0.8,0,1.2,1,0.9,2,1.5,2,1.6,3,1.2,1.6,-1,3,95.83,368.13,1
1,2,1.2,2,0.3,0,2,2,2,1,1.3,1.4,0.7,1,1.1,0,0.8,1,1.9,1,2.7,1,1.44,0.8,0.3,2,0.3,0,1.6,2,0.4,0,0.5,1,0.62,1,2.1,2,0.3,0,0.7,0,1.3,1,0.4,1,0.96,0.8,1,0,203.43,581.7,-1
2.1,2,1.5,1,1.3,3,2.7,1,0.2,0,1.56,1.4,1,2,2.1,2,1.8,2,1.5,2,0.9,1,1.46,1.8,0.7,1,1.4,0,1.3,2,0.6,1,1.5,0,1.1,0.8,0.9,2,0.4,2,1.3,1,1,2,0.6,1,0.84,1.6,0,2,501.2,628.73,0
1.8,3,2,6,1.6,2,3.2,3,1.9,1,2.1,3,0.9,2,1.2,1,1.7,2,2.2,2,2,2,1.6,1.8,0.4,1,0.4,0,0.3,0,0.3,0,0.4,0,0.36,0.2,1,2,1,0,0.3,0,0.8,3,1.4,2,0.9,1.4,0,10,741.85,340.65,0
0.3,0,5.4,5,1.3,1,1.1,2,1.4,2,1.9,2,0.3,0,1,1,1.8,2,1.1,0,1.2,1,1.08,0.8,1.2,2,0.4,0,1.9,1,0.9,0,2,2,1.28,1,1.1,0,1.2,2,1.3,1,0.6,0,0.4,0,0.92,0.6,0,11,390.3,175.35,2
1.2,1,1.7,2,2.2,2,2,2,0.6,2,1.54,1.8,0.6,1,1.3,1,2.2,1,1.4,1,0.7,2,1.24,1.2,1,0,0.3,0,0.8,3,1.4,2,1.7,2,1.04,1.4,1.5,2,1.8,2,1.4,2,0.8,2,1.4,1,1.38,1.8,-2,4,340.65,95.83,2
2.1,2,1.8,2,1.5,2,0.9,1,1.5,1,1.56,1.6,1.1,0,0.8,1,1.9,1,2.7,1,1.3,2,1.56,1,0.4,2,1.3,1,1,2,0.6,1,1.4,1,0.94,1.4,0.3,0,0.7,0,1.3,1,0.4,1,1.4,1,0.82,0.6,0,5,628.73,581.7,2
1.5,1,1.3,3,2.7,1,0.2,0,1.4,1,1.42,1.2,2.2,3,1.2,2,1.9,1,1.6,3,1.1,2,1.6,2.2,1.4,0,1.3,2,0.6,1,1.5,0,1.5,1,1.26,0.8,1.4,1,1,1,0.2,0,1,0,0.3,0,0.78,0.4,-2,6,501.2,500.45,-1
1,0,2.1,1,1,2,1,0,1.4,1,1.3,0.8,1,1,0.3,0,0.6,2,1.1,0,0.6,1,0.72,0.8,1.2,1,0.9,2,1.5,2,1.6,3,0.7,2,1.18,2,0.6,0,1.7,2,0.7,2,0.4,0,0.9,1,0.86,1,-2,12,368.13,219.28,0
1.9,2,0.4,0,1.4,2,0.4,0,0.4,0,0.9,0.8,0.4,2,1.5,2,0.2,0,0.8,1,0.4,1,0.66,1.2,2.6,3,5.4,5,2.2,1,1.1,0,1.2,1,2.5,2,2.1,2,2.1,1,1.9,1,1.8,1,1.9,1,1.96,1.2,0,10,175.11,95.6,0
1.4,0,2.1,1,0.3,0,0.8,2,0.4,1,1,0.8,1.5,2,0.7,1,0.4,0,0.6,0,1.5,3,0.94,1.2,1.5,1,1.5,2,3.2,3,1.4,1,2.7,1,2.06,1.6,0.6,1,1.6,2,2,2,1.1,0,1.4,1,1.34,1.2,0,8,93.63,113.43,3
2.6,3,0.7,0,0.8,3,1,0,0.3,0,1.08,1.2,0.4,0,1.6,2,0.6,1,0.9,0,0.5,1,0.8,0.8,1.9,3,0.8,1,2.2,2,0.8,0,1.1,2,1.36,1.6,2,6,0.7,1,2.7,1,1.1,2,2,1,1.7,2.2,-2,5,107.35,294.9,-3
2,6,1.6,2,3.2,3,1.9,1,1.7,2,2.08,2.8,0.6,0,1.3,2,1.3,1,1.8,1,1.4,1,1.28,1,0.4,0,0.3,0,0.3,0,0.4,0,0.6,2,0.4,0.4,1,1,1.3,3,1.8,2,0.8,1,1.5,3,1.28,2,-4,12,741.85,106.58,2
1.2,2,0.3,0,2,2,2,1,1.4,1,1.38,1.2,1.4,1,0.9,2,0.7,2,0.8,0,1.5,0,1.06,1,0.3,0,1.6,2,0.4,0,0.5,1,1.3,2,0.82,1,2.2,3,2.1,1,0.6,2,1,0,0.2,0,1.22,1.2,-3,0,203.43,198.9,3
0.3,0,0.6,2,1.1,0,0.6,1,0.4,1,0.6,0.8,2.1,1,0.3,0,0.8,2,0.4,1,2.6,4,1.24,1.6,1.7,2,0.7,2,0.4,0,0.9,1,1.5,1,1.04,1.2,1.5,2,3.2,3,1.4,1,2.7,1,0.4,1,1.84,1.6,0,3,219.28,93.63,2
0.3,0,2,2,2,1,1.4,1,1.4,4,1.42,1.6,1.3,3,2.7,1,0.2,0,1.4,1,0.7,2,1.26,1.4,1.6,2,0.4,0,0.5,1,1.3,2,0.6,1,0.88,1.2,1.3,2,0.6,1,1.5,0,1.5,1,0.8,3,1.14,1.4,1,1,203.43,501.2,-1
1.2,2,1.9,1,1.6,3,1.1,2,0.8,3,1.32,2.2,1.8,2,1.5,2,0.9,1,1.5,1,1.1,2,1.36,1.6,1,1,0.2,0,1,0,0.3,0,0.7,2,0.64,0.6,1.3,1,1,2,0.6,1,1.4,1,0.9,0,1.04,1,3,15,500.45,628.73,1
1.3,2,1.3,1,1.8,1,1.4,1,0.4,1,1.24,1.2,1.7,2,2.2,2,2,2,0.6,2,1.8,3,1.66,2.2,1.3,3,1.8,2,0.8,1,1.5,3,2.1,3,1.5,2.4,0.3,0,0.8,3,1.4,2,1.7,2,0.5,1,0.94,1.6,2,12,106.58,340.65,0
0.8,1,1.9,1,2.7,1,1.3,2,0.9,0,1.52,1,0.4,0,1.4,2,0.4,0,0.4,0,1.6,1,0.84,0.6,0.7,0,1.3,1,0.4,1,1.4,1,1.1,2,0.98,1,5.4,5,2.2,1,1.1,0,1.2,1,1.1,1,2.2,1.6,-3,10,581.7,175.11,1
0.9,2,0.7,2,0.8,0,1.5,0,0.6,1,0.9,1,5.4,5,1.3,1,1.1,2,1.4,2,1.6,3,2.16,2.6,2.1,1,0.6,2,1,0,0.2,0,1.4,4,1.06,1.4,0.4,0,1.9,1,0.9,0,2,2,0.5,1,1.14,0.8,3,4,198.9,390.3,-1
0.7,1,0.4,0,0.6,0,1.5,3,0.4,1,0.72,1,1.6,2,3.2,3,1.9,1,1.7,2,2.1,3,2.1,2.2,1.6,2,2,2,1.1,0,1.4,1,2.6,4,1.74,1.8,0.3,0,0.3,0,0.4,0,0.6,2,0.4,1,0.4,0.6,3,5,113.43,741.85,-4
1.6,2,0.6,1,0.9,0,0.5,1,1.5,3,1.02,1.4,2.1,1,1,2,1,0,1.4,1,1.5,1,1.4,1,0.7,1,2.7,1,1.1,2,2,1,1.3,0,1.56,1,0.9,2,1.5,2,1.6,3,0.7,2,0.4,1,1.02,2,-4,13,294.9,368.13,-1
1.5,2,0.2,0,0.8,1,0.4,1,1.1,1,0.8,1,0.7,0,0.8,3,1,0,0.3,0,1.3,0,0.82,0.6,2.1,1,1.9,1,1.8,1,1.9,1,1.6,1,1.86,1,0.8,1,2.2,2,0.8,0,1.1,2,1.5,3,1.28,1.6,0,8,95.6,107.35,0
1,1,1.8,2,1.1,0,1.2,1,0.5,1,1.12,1,1.3,1,2.2,1,1.4,1,0.7,2,0.5,1,1.22,1.2,1.2,2,1.3,1,0.6,0,0.4,0,1.6,3,1.02,1.2,1.8,2,1.4,2,0.8,2,1.4,1,1.8,3,1.44,2,1,7,175.35,95.83,2
1.4,2,0.4,0,0.4,0,1.6,1,1.6,2,1.08,1,0.4,0,0.6,0,1.5,3,0.4,1,0.9,0,0.76,0.8,2.2,1,1.1,0,1.2,1,1.1,1,2.2,3,1.56,1.2,2,2,1.1,0,1.4,1,2.6,4,2.1,4,1.84,2.2,0,10,175.11,113.43,-2
2.2,1,1.4,1,0.7,2,0.5,1,0.4,0,1.04,1,0.8,3,1,0,0.3,0,1.3,0,1.6,1,1,0.8,1.4,2,0.8,2,1.4,1,1.8,3,2.6,2,1.6,2,2.2,2,0.8,0,1.1,2,1.5,3,0.6,1,1.24,1.6,0,5,95.83,107.35,-1
0.7,2,0.8,0,1.5,0,0.6,1,0.8,1,0.88,0.8,0.2,0,0.8,1,0.4,1,1.1,1,0.6,1,0.62,0.8,0.6,2,1,0,0.2,0,1.4,4,2.7,2,1.18,1.6,1.9,1,1.8,1,1.9,1,1.6,1,1.6,1,1.76,1,1,10,198.9,95.6,1
2.7,1,0.2,0,1.4,1,0.7,2,1,2,1.2,1.2,0.6,2,1.1,0,0.6,1,0.4,1,1.5,2,0.84,1.2,0.6,1,1.5,0,1.5,1,0.8,3,0.8,1,1.04,1.2,0.7,2,0.4,0,0.9,1,1.5,1,0.3,0,0.76,0.8,-5,8,501.2,219.28,0
2.2,2,2,2,0.6,2,1.8,3,0.7,1,1.46,2,2,2,2,1,1.4,1,1.4,4,0.8,1,1.52,1.8,0.8,3,1.4,2,1.7,2,0.5,1,0.6,1,1,1.8,0.4,0,0.5,1,1.3,2,0.6,1,1,2,0.76,1.2,-4,3,340.65,203.43,2
1.5,2,0.9,1,1.5,1,1.1,2,0.8,1,1.16,1.4,1.3,1,1.8,1,1.4,1,0.4,1,0.6,1,1.1,1,1,2,0.6,1,1.4,1,0.9,0,2.3,2,1.24,1.2,1.8,2,0.8,1,1.5,3,2.1,3,0.7,1,1.38,2,-4,10,628.73,106.58,3
1,2,1,0,1.4,1,1.5,1,0.7,2,1.12,1.2,1.8,2,1.1,0,1.2,1,0.5,1,2.6,2,1.44,1.2,1.5,2,1.6,3,0.7,2,0.4,1,1.4,1,1.12,1.8,1.3,1,0.6,0,0.4,0,1.6,3,0.4,0,0.86,0.8,1,7,368.13,175.35,1
1.9,1,2.7,1,1.3,2,0.9,0,2.2,3,1.8,1.4,3.2,3,1.9,1,1.7,2,2.1,3,2.1,4,2.2,2.6,1.3,1,0.4,1,1.4,1,1.1,2,1.6,2,1.16,1.4,0.3,0,0.4,0,0.6,2,0.4,1,0.9,0,0.52,0.6,0,4,581.7,741.85,0
1.3,1,1.1,2,1.4,2,1.6,3,2.7,2,1.62,2,1.9,1,1.6,3,1.1,2,0.8,3,2.3,2,1.54,2.2,1.9,1,0.9,0,2,2,0.5,1,0.8,1,1.22,1,0.2,0,1,0,0.3,0,0.7,2,0.8,1,0.6,0.6,-5,7,390.3,500.45,0
0.3,0,0.8,2,0.4,1,2.6,4,0.3,0,0.88,1.4,0.6,1,0.9,0,0.5,1,1.5,3,1.4,1,0.98,1.2,3.2,3,1.4,1,2.7,1,0.4,1,1.5,2,1.84,1.6,2.7,1,1.1,2,2,1,1.3,0,0.7,2,1.56,1.2,6,0,93.63,294.9,-1
1,0,1.4,1,1.5,1,0.7,2,0.7,2,1.06,1.2,1.9,1,1.7,2,2.1,3,2.1,4,1.3,1,1.82,2.2,1.6,3,0.7,2,0.4,1,1.4,1,1.6,1,1.14,1.6,0.4,0,0.6,2,0.4,1,0.9,0,0.6,1,0.58,0.8,0,0,368.13,741.85,3
2,1,1.4,1,1.4,4,0.8,1,0.5,0,1.22,1.4,0.9,1,1.5,1,1.1,2,0.8,1,1.8,4,1.22,1.8,0.5,1,1.3,2,0.6,1,1,2,1.5,2,0.98,1.6,0.6,1,1.4,1,0.9,0,2.3,2,0.8,1,1.2,1,1,0,203.43,628.73,-1
1,0,0.3,0,1.3,0,1.6,1,0.9,1,1.02,0.4,0.2,0,1.4,1,0.7,2,1,2,2.9,1,1.24,1.2,0.8,0,1.1,2,1.5,3,0.6,1,0.4,0,0.88,1.2,1.5,0,1.5,1,0.8,3,0.8,1,0.6,1,1.04,1.2,3,1,107.35,501.2,-5
1.8,1,1.4,1,0.4,1,0.6,1,0.8,1,1,1,2.7,1,1.3,2,0.9,0,2.2,3,0.6,1,1.54,1.4,0.8,1,1.5,3,2.1,3,0.7,1,1.8,4,1.38,2.4,0.4,1,1.4,1,1.1,2,1.6,2,1.3,1,1.16,1.4,3,1,106.58,581.7,-2
1.1,0,0.6,1,0.4,1,1.5,2,0.6,1,0.84,1,1.1,0,1.2,1,0.5,1,2.6,2,1.6,1,1.4,1,0.4,0,0.9,1,1.5,1,0.3,0,2.9,1,1.2,0.6,0.6,0,0.4,0,1.6,3,0.4,0,0.7,2,0.74,1,1,13,219.28,175.35,0
0.8,1,0.4,1,1.1,1,0.6,1,1.2,2,0.82,1.2,1.1,2,1.4,2,1.6,3,2.7,2,0.5,1,1.46,2,1.8,1,1.9,1,1.6,1,1.6,1,0.6,3,1.5,1.4,0.9,0,2,2,0.5,1,0.8,1,0.4,1,0.92,1,4,7,95.6,390.3,-1
0.8,2,0.4,1,2.6,4,0.3,0,1.6,1,1.14,1.6,0.4,0,0.4,0,1.6,1,1.6,2,1.9,1,1.18,0.8,1.4,1,2.7,1,0.4,1,1.5,2,1.5,2,1.5,1.4,1.1,0,1.2,1,1.1,1,2.2,3,0.7,3,1.26,1.6,-3,11,93.63,175.11,1
0.9,0,0.5,1,1.5,3,1.4,1,1.5,2,1.16,1.4,1.4,1,0.7,2,0.5,1,0.4,0,0.4,0,0.68,0.8,1.1,2,2,1,1.3,0,0.7,2,1.6,1,1.34,1.2,0.8,2,1.4,1,1.8,3,2.6,2,0.9,1,1.5,1.8,-2,4,294.9,95.83,4
0.6,0,1.5,3,0.4,1,0.9,0,0.7,3,0.82,1.4,2,2,0.6,2,1.8,3,0.7,1,1.5,2,1.32,2,1.1,0,1.4,1,2.6,4,2.1,4,1.9,1,1.82,2,1.4,2,1.7,2,0.5,1,0.6,1,0.5,0,0.94,1.2,4,2,113.43,340.65,0
1.6,3,1.1,2,0.8,3,2.3,2,0.4,1,1.24,2.2,0.8,0,1.5,0,0.6,1,0.8,1,0.6,3,0.86,1,1,0,0.3,0,0.7,2,0.8,1,0.5,1,0.66,0.8,1,0,0.2,0,1.4,4,2.7,2,1.2,2,1.3,1.6,-1,15,500.45,198.9,0
1.7,2,2.1,3,2.1,4,1.3,1,0.4,0,1.52,2,1.4,1,1.5,1,0.7,2,0.7,2,1,3,1.06,1.8,0.6,2,0.4,1,0.9,0,0.6,1,1,3,0.7,1.4,0.7,2,0.4,1,1.4,1,1.6,1,0.4,0,0.9,1,0,10,741.85,368.13,1
0.6,2,1.8,3,0.7,1,1.5,2,0.8,0,1.08,1.6,0.6,1,0.4,1,1.5,2,0.6,1,0.7,1,0.76,1.2,1.7,2,0.5,1,0.6,1,0.5,0,0.4,0,0.74,0.8,0.9,1,1.5,1,0.3,0,2.9,1,0.3,1,1.18,0.8,-1,6,340.65,219.28,1
1.4,1,0.7,2,1,2,2.9,1,2.2,5,1.64,2.2,0.4,1,2.6,4,0.3,0,1.6,1,1.2,2,1.22,1.6,1.5,1,0.8,3,0.8,1,0.6,1,1.6,0,1.06,1.2,2.7,1,0.4,1,1.5,2,1.5,2,0.8,1,1.38,1.4,-3,9,501.2,93.63,0
0.5,1,1.5,3,1.4,1,1.5,2,3.2,5,1.62,2.4,1.1,2,0.8,3,2.3,2,0.4,1,1.1,1,1.14,1.8,2,1,1.3,0,0.7,2,1.6,1,0.9,1,1.3,1,0.3,0,0.7,2,0.8,1,0.5,1,0.8,1,0.62,1,0,7,294.9,500.45,0
1.3,2,0.9,0,2.2,3,0.6,1,1.3,2,1.26,1.6,0.3,0,1.3,0,1.6,1,0.9,1,1.6,0,1.14,0.4,1.4,1,1.1,2,1.6,2,1.3,1,0.7,0,1.22,1.2,1.1,2,1.5,3,0.6,1,0.4,0,2.2,5,1.16,2.2,-4,11,581.7,107.35,1
1.5,1,0.7,2,0.7,2,1,3,0.9,1,0.96,1.8,1.4,1,1.4,4,0.8,1,0.5,0,0.9,1,1,1.4,0.4,1,1.4,1,1.6,1,0.4,0,2.2,2,1.2,1,1.3,2,0.6,1,1,2,1.5,2,1.1,2,1.1,1.8,-3,3,368.13,203.43,-2
0.7,2,0.5,1,0.4,0,0.4,0,0.9,1,0.58,0.8,1.5,3,0.4,1,0.9,0,0.7,3,0.4,0,0.78,1.4,1.4,1,1.8,3,2.6,2,0.9,1,3.2,5,1.98,2.4,1.4,1,2.6,4,2.1,4,1.9,1,0.8,0,1.76,2,0,7,95.83,113.43,0
1.5,0,0.6,1,0.8,1,0.6,3,0.8,1,0.86,1.2,1.4,1,0.4,1,0.6,1,0.8,1,0.7,0,0.78,0.8,0.2,0,1.4,4,2.7,2,1.2,2,1.1,1,1.32,1.8,1.5,3,2.1,3,0.7,1,1.8,4,1.3,2,1.48,2.6,-1,11,198.9,106.58,3
0.4,0,1.6,1,1.6,2,1.9,1,0.8,1,1.26,1,1.4,2,1.6,3,2.7,2,0.5,1,1.6,1,1.56,1.8,1.2,1,1.1,1,2.2,3,0.7,3,1.2,2,1.28,2,2,2,0.5,1,0.8,1,0.4,1,0.7,0,0.88,1,4,6,175.11,390.3,-1
1.5,1,1.1,2,0.8,1,1.8,4,1.1,2,1.26,2,2.1,3,2.1,4,1.3,1,0.4,0,2.2,2,1.62,2,1.4,1,0.9,0,2.3,2,0.8,1,0.9,1,1.26,1,0.4,1,0.9,0,0.6,1,1,3,0.9,1,0.76,1.2,-1,5,628.73,741.85,1
1.2,1,0.5,1,2.6,2,1.6,1,0.3,1,1.24,1.2,0.4,1,1.1,1,0.6,1,1.2,2,0.7,0,0.8,1,0.4,0,1.6,3,0.4,0,0.7,2,0.7,1,0.76,1.2,1.9,1,1.6,1,1.6,1,0.6,3,1.6,1,1.46,1.4,1,10,175.35,95.6,2
0.4,1,0.9,0,0.7,3,0.4,0,0.9,0,0.66,0.8,0.6,1,0.8,1,0.6,3,0.8,1,2.3,3,1.02,1.8,2.6,4,2.1,4,1.9,1,0.8,0,0.2,0,1.52,1.8,1.4,4,2.7,2,1.2,2,1.1,1,2.1,0,1.7,1.8,0,6,113.43,198.9,-1
1.1,1,0.6,1,1.2,2,0.7,0,0.5,0,0.82,0.8,1.5,3,1.4,1,1.5,2,3.2,5,0.7,2,1.66,2.6,1.6,1,1.6,1,0.6,3,1.6,1,1.5,2,1.38,1.6,1.3,0,0.7,2,1.6,1,0.9,1,0.3,2,0.96,1.2,-2,7,95.6,294.9,0
1.6,1,1.6,2,1.9,1,0.8,1,0.2,0,1.22,1,1.8,3,0.7,1,1.5,2,0.8,0,2.3,3,1.42,1.8,1.1,1,2.2,3,0.7,3,1.2,2,1.1,1,1.26,2,0.5,1,0.6,1,0.5,0,0.4,0,1,2,0.6,0.8,-2,3,175.11,340.65,2
0.4,1,1.5,2,0.6,1,0.7,1,1,2,0.84,1.4,0.9,0,2.2,3,0.6,1,1.3,2,2.1,1,1.42,1.4,1.5,1,0.3,0,2.9,1,0.3,1,2.3,3,1.46,1.2,1.1,2,1.6,2,1.3,1,0.7,0,0.4,0,1.02,1,4,10,219.28,581.7,1
2.1,4,1.3,1,0.4,0,2.2,2,1.8,0,1.56,1.4,0.5,1,2.6,2,1.6,1,0.3,1,1.5,2,1.3,1.4,0.9,0,0.6,1,1,3,0.9,1,1.2,1,0.92,1.2,1.6,3,0.4,0,0.7,2,0.7,1,0.5,0,0.78,1.2,1,15,741.85,175.35,1
1.4,4,0.8,1,0.5,0,0.9,1,0.8,2,0.88,1.6,0.8,3,2.3,2,0.4,1,1.1,1,0.3,2,0.98,1.8,0.6,1,1,2,1.5,2,1.1,2,0.3,0,0.9,1.4,0.7,2,0.8,1,0.5,1,0.8,1,0.7,2,0.7,1.4,-1,3,203.43,500.45,1
1.3,0,1.6,1,0.9,1,1.6,0,0.4,0,1.16,0.4,0.7,2,0.7,2,1,3,0.9,1,0.3,0,0.72,1.6,1.5,3,0.6,1,0.4,0,2.2,5,2.1,1,1.36,2,1.4,1,1.6,1,0.4,0,2.2,2,0.8,2,1.28,1.2,1,7,107.35,368.13,1
0.4,1,0.6,1,0.8,1,0.7,0,2.1,0,0.92,0.6,0.7,2,1,2,2.9,1,2.2,5,0.4,0,1.44,2,2.1,3,0.7,1,1.8,4,1.3,2,2.3,3,1.64,2.6,0.8,3,0.8,1,0.6,1,1.6,0,0.2,0,0.8,1,2,3,106.58,501.2,-5
2.6,4,0.3,0,1.6,1,1.2,2,0.2,0,1.18,1.4,1.1,2,0.8,1,1.8,4,1.1,2,1.2,1,1.2,2,0.4,1,1.5,2,1.5,2,0.8,1,0.4,0,0.92,1.2,0.9,0,2.3,2,0.8,1,0.9,1,1.8,0,1.34,0.8,4,4,93.63,628.73,-1
1.6,3,2.7,2,0.5,1,1.6,1,1.1,1,1.5,1.6,0.5,1,0.4,0,0.4,0,0.9,1,0.2,0,0.48,0.4,0.5,1,0.8,1,0.4,1,0.7,0,0.2,0,0.52,0.6,1.8,3,2.6,2,0.9,1,3.2,5,0.9,0,1.88,2.2,-4,6,390.3,95.83,4
0.7,1,1.5,2,0.8,0,2.3,3,0.7,0,1.2,1.2,2.2,3,0.6,1,1.3,2,2.1,1,2.4,1,1.72,1.6,0.6,1,0.5,0,0.4,0,1,2,1.1,2,0.72,1,1.6,2,1.3,1,0.7,0,0.4,0,0.3,2,0.86,1,0,1,340.65,581.7,1
0.7,2,1,3,0.9,1,0.3,0,1.4,0,0.86,1.2,0.9,0,0.7,3,0.4,0,0.9,0,0.4,0,0.66,0.6,1.6,1,0.4,0,2.2,2,0.8,2,1.2,1,1.24,1.2,2.1,4,1.9,1,0.8,0,0.2,0,1.6,1,1.32,1.2,-2,5,368.13,113.43,1
1,2,2.9,1,2.2,5,0.4,0,2.1,5,1.72,2.6,0.6,1,1.2,2,0.7,0,0.5,0,0.8,0,0.76,0.6,0.8,1,0.6,1,1.6,0,0.2,0,0.9,0,0.82,0.4,1.6,1,0.6,3,1.6,1,1.5,2,1.1,0,1.28,1.4,-1,11,501.2,95.6,0
2.3,2,0.4,1,1.1,1,0.3,2,1.2,1,1.06,1.4,1.3,1,0.4,0,2.2,2,1.8,0,1.5,1,1.44,0.8,0.8,1,0.5,1,0.8,1,0.7,2,0.7,2,0.7,1.4,0.6,1,1,3,0.9,1,1.2,1,0.3,0,0.8,1.2,2,5,500.45,741.85,0
0.8,1,0.6,3,0.8,1,2.3,3,1.6,1,1.22,1.8,1.6,2,1.9,1,0.8,1,0.2,0,1.1,2,1.12,1.2,2.7,2,1.2,2,1.1,1,2.1,0,0.4,0,1.5,1,2.2,3,0.7,3,1.2,2,1.1,1,0.7,0,1.18,1.8,1,9,198.9,175.11,1
0.4,0,0.4,0,0.9,1,0.2,0,0.3,0,0.44,0.2,1.5,2,0.6,1,0.7,1,1,2,0.3,2,0.82,1.6,2.6,2,0.9,1,3.2,5,0.9,0,1.5,4,1.82,2.4,0.3,0,2.9,1,0.3,1,2.3,3,2.4,1,1.64,1.2,-2,1,95.83,219.28,-2
2.6,2,1.6,1,0.3,1,1.5,2,1.3,0,1.46,1.2,0.6,1,0.8,1,0.7,0,2.1,0,0.9,0,1.02,0.4,0.4,0,0.7,2,0.7,1,0.5,0,1.5,1,0.76,0.8,0.7,1,1.8,4,1.3,2,2.3,3,2.1,5,1.64,3,4,9,175.35,106.58,0
1.5,2,0.8,0,2.3,3,0.7,0,2,2,1.46,1.4,0.3,0,1.6,1,1.2,2,0.2,0,0.3,0,0.72,0.6,0.5,0,0.4,0,1,2,1.1,2,0.8,1,0.76,1,1.5,2,1.5,2,0.8,1,0.4,0,2.1,1,1.26,1.2,-4,13,340.65,93.63,1
2.7,2,0.5,1,1.6,1,1.1,1,1.5,4,1.48,1.8,0.8,1,0.5,0,0.9,1,0.8,2,0.7,2,0.74,1.2,0.8,1,0.4,1,0.7,0,0.2,0,0.3,0,0.48,0.4,1,2,1.5,2,1.1,2,0.3,0,1.2,1,1.02,1.4,-1,3,390.3,203.43,1
0.6,1,1.3,2,2.1,1,2.4,1,0.8,1,1.44,1.2,1.4,1,1.5,2,3.2,5,0.7,2,1.1,0,1.58,2,1.3,1,0.7,0,0.4,0,0.3,2,2,2,0.94,1,0.7,2,1.6,1,0.9,1,0.3,2,0.8,0,0.86,1.2,-2,15,581.7,294.9,-1
0.8,1,1.8,4,1.1,2,1.2,1,2.1,1,1.4,1.8,1.6,1,0.9,1,1.6,0,0.4,0,1.2,1,1.14,0.6,2.3,2,0.8,1,0.9,1,1.8,0,0.3,0,1.22,0.8,0.6,1,0.4,0,2.2,5,2.1,1,1.4,0,1.34,1.4,-3,13,628.73,107.35,2
1.6,1,1.2,2,0.2,0,0.3,0,0.5,1,0.76,0.8,1.6,1,0.3,1,1.5,2,1.3,0,0.3,1,1,1,1.5,2,0.8,1,0.4,0,2.1,1,2.1,2,1.38,1.2,0.7,2,0.7,1,0.5,0,1.5,1,0.9,1,0.86,1,0,7,93.63,175.35,0
1.9,1,0.8,1,0.2,0,1.1,2,0.8,0,0.96,0.8,0.6,1,0.7,1,1,2,0.3,2,1.2,2,0.76,1.6,0.7,3,1.2,2,1.1,1,0.7,0,2.3,1,1.2,1.4,2.9,1,0.3,1,2.3,3,2.4,1,1,0,1.78,1.2,1,7,175.11,219.28,0
0.5,0,0.9,1,0.8,2,0.7,2,1.2,1,0.82,1.2,1.2,2,0.7,0,0.5,0,0.8,0,0.8,0,0.8,0.4,1.5,2,1.1,2,0.3,0,1.2,1,1.6,2,1.14,1.4,0.6,3,1.6,1,1.5,2,1.1,0,1.9,0,1.34,1.2,-1,13,203.43,95.6,0
0.7,3,0.4,0,0.9,0,0.4,0,0.9,0,0.66,0.6,1.3,2,2.1,1,2.4,1,0.8,1,1.4,1,1.6,1.2,1.9,1,0.8,0,0.2,0,1.6,1,1.6,1,1.22,0.6,0.7,0,0.4,0,0.3,2,2,2,3,2,1.28,1.2,2,3,113.43,581.7,-1
0.4,0,2.2,2,1.8,0,1.5,1,0.3,1,1.24,0.8,0.4,0,0.9,1,0.2,0,0.3,0,1,0,0.56,0.2,1,3,0.9,1,1.2,1,0.3,0,1.8,1,1.04,1.2,0.9,1,3.2,5,0.9,0,1.5,4,1.2,2,1.54,2.4,-3,6,741.85,95.83,1
0.9,1,1.6,0,0.4,0,1.2,1,0.2,0,0.86,0.4,0.8,0,2.3,3,0.7,0,2,2,2.1,2,1.58,1.4,0.4,0,2.2,5,2.1,1,1.4,0,2,2,1.62,1.6,0.4,0,1,2,1.1,2,0.8,1,0.5,0,0.76,1,-1,8,107.35,340.65,-1
0.4,1,1.1,1,0.3,2,1.2,1,1.8,1,0.96,1.2,1,3,0.9,1,0.3,0,1.4,0,1.6,1,1.04,1,0.5,1,0.8,1,0.7,2,0.7,2,0.3,1,0.6,1.4,0.4,0,2.2,2,0.8,2,1.2,1,0.9,0,1.1,1,5,6,500.45,368.13,1
0.8,1,0.7,0,2.1,0,0.9,0,0.9,1,1.08,0.4,0.5,1,1.6,1,1.1,1,1.5,4,1.6,2,1.26,1.8,1.8,4,1.3,2,2.3,3,2.1,5,0.3,1,1.56,3,0.4,1,0.7,0,0.2,0,0.3,0,1.2,1,0.56,0.4,4,4,106.58,390.3,-1
1.8,4,1.1,2,1.2,1,2.1,1,2,2,1.64,2,2.9,1,2.2,5,0.4,0,2.1,5,1.9,0,1.9,2.2,0.8,1,0.9,1,1.8,0,0.3,0,0.2,0,0.8,0.4,0.6,1,1.6,0,0.2,0,0.9,0,0.8,0,0.82,0.2,-2,6,628.73,501.2,-4
1.5,2,3.2,5,0.7,2,1.1,0,3,2,1.9,2.2,0.6,3,0.8,1,2.3,3,1.6,1,2.3,1,1.52,1.8,1.6,1,0.9,1,0.3,2,0.8,0,1.4,1,1,1,1.2,2,1.1,1,2.1,0,0.4,0,0.8,0,1.12,0.6,5,5,294.9,198.9,0
0.3,1,1.5,2,1.3,0,0.3,1,0.9,1,0.86,1,0.4,0,0.9,0,0.4,0,0.9,0,1,2,0.72,0.4,0.7,1,0.5,0,1.5,1,0.9,1,0.7,1,0.86,0.8,0.8,0,0.2,0,1.6,1,1.6,1,3.5,3,1.54,1,1,13,175.35,113.43,1
0.8,1,2.3,3,1.6,1,2.3,1,1.2,1,1.64,1.4,1.6,0,0.4,0,1.2,1,0.2,0,1.2,1,0.92,0.4,1.1,1,2.1,0,0.4,0,0.8,0,1.2,1,1.12,0.4,2.2,5,2.1,1,1.4,0,2,2,1.3,2,1.8,2,-1,7,198.9,107.35,-1
0.9,1,0.2,0,0.3,0,1,0,0.6,2,0.6,0.6,0.8,1,0.2,0,1.1,2,0.8,0,1.6,2,0.9,1,3.2,5,0.9,0,1.5,4,1.2,2,2.6,3,1.88,2.8,1.2,2,1.1,1,0.7,0,2.3,1,0.7,2,1.2,1.2,0,1,95.83,175.11,0
2.1,1,2.4,1,0.8,1,1.4,1,3.5,3,2.04,1.4,0.9,1,0.8,2,0.7,2,1.2,1,1.3,1,0.98,1.4,0.4,0,0.3,2,2,2,3,2,1,2,1.34,1.6,1.1,2,0.3,0,1.2,1,1.6,2,1.3,1,1.1,1.2,0,3,581.7,203.43,1
0.7,1,1,2,0.3,2,1.2,2,0.7,2,0.78,1.8,0.7,0,2.1,0,0.9,0,0.9,1,0.1,0,0.94,0.2,0.3,1,2.3,3,2.4,1,1,0,1.6,2,1.52,1.4,1.3,2,2.3,3,2.1,5,0.3,1,2,1,1.6,2.4,1,8,219.28,106.58,1
0.7,0,0.5,0,0.8,0,0.8,0,1.3,1,0.82,0.2,1.1,1,0.3,2,1.2,1,1.8,1,2.8,2,1.44,1.4,1.6,1,1.5,2,1.1,0,1.9,0,1.3,1,1.48,0.8,0.8,1,0.7,2,0.7,2,0.3,1,0.7,1,0.64,1.4,1,4,95.6,500.45,0
2.3,3,0.7,0,2,2,2.1,2,1.3,2,1.68,1.8,3.2,5,0.7,2,1.1,0,3,2,1.2,1,1.84,2,1,2,1.1,2,0.8,1,0.5,0,1.2,1,0.92,1.2,0.9,1,0.3,2,0.8,0,1.4,1,1.2,1,0.92,1,4,11,340.65,294.9,5
1.6,1,1.1,1,1.5,4,1.6,2,2,1,1.56,1.8,1.2,2,0.2,0,0.3,0,0.5,1,0.7,1,0.58,0.8,0.7,0,0.2,0,0.3,0,1.2,1,0.1,0,0.5,0.2,0.8,1,0.4,0,2.1,1,2.1,2,0.9,1,1.26,1,-6,13,390.3,93.63,1
0.9,1,0.3,0,1.4,0,1.6,1,0.7,1,0.98,0.6,1.1,2,1.2,1,2.1,1,2,2,0.9,0,1.46,1.2,2.2,2,0.8,2,1.2,1,0.9,0,2.8,2,1.58,1.4,0.9,1,1.8,0,0.3,0,0.2,0,3.2,4,1.28,1,-4,5,368.13,628.73,3
2.2,5,0.4,0,2.1,5,1.9,0,3.2,4,1.96,2.8,2.2,2,1.8,0,1.5,1,0.3,1,2.6,3,1.68,1.4,1.6,0,0.2,0,0.9,0,0.8,0,0.9,0,0.88,0,0.9,1,1.2,1,0.3,0,1.8,1,0.6,2,0.96,1,2,2,501.2,741.85,-2
0.8,2,0.7,2,1.2,1,1.3,1,1,1,1,1.4,2.1,0,0.9,0,0.9,1,0.1,0,0.9,0,0.98,0.2,0.3,0,1.2,1,1.6,2,1.3,1,1.3,2,1.14,1.2,2.3,3,2.1,5,0.3,1,2,1,0.6,1,1.46,2.2,0,3,203.43,106.58,0
0.5,0,0.8,0,0.8,0,1.3,1,0.7,0,0.82,0.2,0.7,0,2,2,2.1,2,1.3,2,2.2,5,1.66,2.2,1.5,2,1.1,0,1.9,0,1.3,1,1.7,0,1.5,0.6,1.1,2,0.8,1,0.5,0,1.2,1,0.5,0,0.82,0.8,0,3,95.6,340.65,-1
1.2,1,2.1,1,2,2,0.9,0,0.8,0,1.4,0.8,1.5,2,1.3,0,0.3,1,0.9,1,1,2,1,1.2,1.8,0,0.3,0,0.2,0,3.2,4,0.4,3,1.18,1.4,0.5,0,1.5,1,0.9,1,0.7,1,1.2,1,0.96,0.8,-2,13,628.73,175.35,1
0.9,0,0.4,0,0.9,0,1,2,1.2,1,0.88,0.6,1.1,1,1.5,4,1.6,2,2,1,1.3,1,1.5,1.8,0.2,0,1.6,1,1.6,1,3.5,3,1,2,1.58,1.4,0.2,0,0.3,0,1.2,1,0.1,0,0.8,0,0.52,0.2,2,5,113.43,390.3,-1
0.2,0,0.3,0,0.5,1,0.7,1,0.8,0,0.5,0.4,0.2,0,0.3,0,1,0,0.6,2,0.7,1,0.56,0.6,0.4,0,2.1,1,2.1,2,0.9,1,1.3,1,1.36,1,0.9,0,1.5,4,1.2,2,2.6,3,0.7,1,1.38,2,-1,5,93.63,95.83,3
0.3,0,1.4,0,1.6,1,0.7,1,0.4,3,0.88,1,0.4,0,2.1,5,1.9,0,3.2,4,0.6,0,1.64,1.8,0.8,2,1.2,1,0.9,0,2.8,2,0.8,0,1.3,1,0.2,0,0.9,0,0.8,0,0.9,0,2.2,2,1,0.4,0,10,368.13,501.2,1
1.8,0,1.5,1,0.3,1,2.6,3,2.2,2,1.68,1.4,2.3,3,1.6,1,2.3,1,1.2,1,0.5,0,1.58,1.2,1.2,1,0.3,0,1.8,1,0.6,2,0.6,0,0.9,0.8,2.1,0,0.4,0,0.8,0,1.2,1,0.4,1,0.98,0.4,-1,15,741.85,198.9,1
0.3,2,1.2,1,1.8,1,2.8,2,1.7,0,1.56,1.2,2.4,1,0.8,1,1.4,1,3.5,3,1.3,2,1.88,1.6,0.7,2,0.7,2,0.3,1,0.7,1,0.7,0,0.62,1.2,0.3,2,2,2,3,2,1,2,1,1,1.46,1.8,-1,2,500.45,581.7,1
0.4,0,1.2,1,0.2,0,1.2,1,0.4,1,0.68,0.6,0.2,0,1.1,2,0.8,0,1.6,2,0.7,1,0.88,1,2.1,1,1.4,0,2,2,1.3,2,0.5,0,1.46,1,1.1,1,0.7,0,2.3,1,0.7,2,0.7,1,1.1,1,0,15,107.35,175.11,0
0.7,2,1.1,0,3,2,1.2,1,0.5,0,1.3,1,1,2,0.3,2,1.2,2,0.7,2,0.6,1,0.76,1.8,0.3,2,0.8,0,1.4,1,1.2,1,2.2,5,1.18,1.8,2.3,3,2.4,1,1,0,1.6,2,0.9,0,1.64,1.2,-1,8,294.9,219.28,0
1.3,0,0.3,1,0.9,1,1,2,0.4,0,0.78,0.8,1.6,1,2.3,1,1.2,1,0.5,0,0.7,1,1.26,0.8,1.5,1,0.9,1,0.7,1,1.2,1,0.9,1,1.04,1,0.4,0,0.8,0,1.2,1,0.4,1,1.7,2,0.9,0.8,1,6,175.35,198.9,1
0.3,0,1,0,0.6,2,0.7,1,0.4,0,0.6,0.6,0.7,2,1.2,1,1.3,1,1,1,1.9,1,1.22,1.2,1.5,4,1.2,2,2.6,3,0.7,1,1.7,3,1.54,2.6,1.2,1,1.6,2,1.3,1,1.3,2,2,1,1.48,1.4,-1,8,95.83,203.43,-2
1.1,2,0.8,0,1.6,2,0.7,1,0.5,0,0.94,1,1.5,1,0.3,1,2.6,3,2.2,2,1.7,2,1.66,1.8,0.7,0,2.3,1,0.7,2,0.7,1,0.4,0,0.96,0.8,0.3,0,1.8,1,0.6,2,0.6,0,0.7,1,0.8,0.8,2,3,175.11,741.85,0
0.8,1,1.4,1,3.5,3,1.3,2,2.6,1,1.92,1.6,1.4,0,1.6,1,0.7,1,0.4,3,1.6,1,1.14,1.2,2,2,3,2,1,2,1,1,1,2,1.6,1.8,1.2,1,0.9,0,2.8,2,0.8,0,1.1,0,1.36,0.6,3,12,581.7,368.13,0
0.4,0,0.9,0,1,2,1.2,1,0.7,0,0.84,0.6,0.8,0,0.8,0,1.3,1,0.7,0,0.8,0,0.88,0.2,1.6,1,1.6,1,3.5,3,1,2,2.4,1,2.02,1.6,1.1,0,1.9,0,1.3,1,1.7,0,1,1,1.4,0.4,0,11,113.43,95.6,0
0.9,0,0.9,1,0.1,0,0.9,0,2,1,0.96,0.4,0.3,0,0.5,1,0.7,1,0.8,0,1.7,3,0.8,1,2.1,5,0.3,1,2,1,0.6,1,1.9,1,1.38,1.8,2.1,1,2.1,2,0.9,1,1.3,1,0.4,0,1.36,1,-2,7,106.58,93.63,0
0.3,2,1.2,2,0.7,2,0.6,1,0.4,1,0.64,1.6,1.2,1,0.2,0,1.2,1,0.4,1,0.4,0,0.68,0.6,2.4,1,1,0,1.6,2,0.9,0,1.2,1,1.42,0.8,1.4,0,2,2,1.3,2,0.5,0,0.5,0,1.14,0.8,0,7,219.28,107.35,0
2.1,5,1.9,0,3.2,4,0.6,0,1.1,0,1.78,1.8,1.1,0,3,2,1.2,1,0.5,0,1.2,1,1.4,0.8,0.9,0,0.8,0,0.9,0,2.2,2,1.6,1,1.28,0.6,0.8,0,1.4,1,1.2,1,2.2,5,0.4,1,1.2,1.6,1,7,501.2,294.9,-1
1.5,4,1.6,2,2,1,1.3,1,2.4,1,1.76,1.8,2.1,1,2,2,0.9,0,0.8,0,0.9,1,1.34,0.8,0.3,0,1.2,1,0.1,0,0.8,0,0.7,0,0.62,0.2,0.3,0,0.2,0,3.2,4,0.4,3,0.4,0,0.9,1.4,0,5,390.3,628.73,0
2,2,2.1,2,1.3,2,2.2,5,1,1,1.72,2.4,1.2,1,1.8,1,2.8,2,1.7,0,1,2,1.7,1.2,0.8,1,0.5,0,1.2,1,0.5,0,0.8,0,0.76,0.4,0.7,2,0.3,1,0.7,1,0.7,0,2.6,1,1,1,-2,3,340.65,500.45,0
2.3,1,1.2,1,0.5,0,0.7,1,1.1,0,1.16,0.6,1.4,1,3.5,3,1.3,2,2.6,1,2.6,2,2.28,1.8,0.8,0,1.2,1,0.4,1,1.7,2,1.3,1,1.08,1,3,2,1,2,1,1,1,2,2.3,2,1.66,1.8,1,7,198.9,581.7,-4
0.8,0,1.3,1,0.7,0,0.8,0,0.6,1,0.84,0.4,1,0,0.6,2,0.7,1,0.4,0,0.8,1,0.7,0.8,1.9,0,1.3,1,1.7,0,1,1,1.2,1,1.42,0.6,1.2,2,2.6,3,0.7,1,1.7,3,2.2,3,1.68,2.4,-1,7,95.6,95.83,1
0.3,1,2.6,3,2.2,2,1.7,2,2,2,1.76,2,0.5,1,0.7,1,0.8,0,1.7,3,0.3,0,0.8,1,1.8,1,0.6,2,0.6,0,0.7,1,1.4,2,1.02,1.2,2.1,2,0.9,1,1.3,1,0.4,0,0.3,0,0.82,0.8,-2,11,741.85,93.63,2
2,2,0.9,0,0.8,0,0.9,1,0.8,1,1.08,0.8,0.9,0,1,2,1.2,1,0.7,0,1.2,1,1,0.8,0.2,0,3.2,4,0.4,3,0.4,0,1.1,1,1.06,1.6,1.6,1,3.5,3,1,2,2.4,1,0.6,1,1.82,1.6,0,13,628.73,113.43,1
1.9,0,3.2,4,0.6,0,1.1,0,0.5,0,1.46,0.8,2.1,2,1.3,2,2.2,5,1,1,0.8,1,1.48,2.2,0.8,0,0.9,0,2.2,2,1.6,1,0.5,1,1.2,0.8,0.5,0,1.2,1,0.5,0,0.8,0,1.2,1,0.84,0.4,1,4,501.2,340.65,2
0.2,0,1.2,1,0.4,1,0.4,0,0.9,1,0.62,0.6,0.3,1,0.9,1,1,2,0.4,0,1.3,1,0.78,1,2,2,1.3,2,0.5,0,0.5,0,1.1,1,1.08,1,0.9,1,0.7,1,1.2,1,0.9,1,1.1,0,0.96,0.8,-2,7,107.35,175.35,0
1.6,1,0.7,1,0.4,3,1.6,1,2.3,2,1.32,1.6,0.8,0,1.6,2,0.7,1,0.5,0,1.4,2,1,1,0.9,0,2.8,2,0.8,0,1.1,0,2.6,2,1.64,0.8,2.3,1,0.7,2,0.7,1,0.4,0,2,2,1.22,1.2,-5,6,368.13,175.11,0
1.2,1,1.3,1,1,1,1.9,1,2.2,3,1.52,1.4,1.2,2,0.7,2,0.6,1,0.4,1,1.1,1,0.8,1.4,1.6,2,1.3,1,1.3,2,2,1,0.8,1,1.4,1.4,1,0,1.6,2,0.9,0,1.2,1,0.9,1,1.12,0.8,1,3,203.43,219.28,1
3,2,1.2,1,0.5,0,1.2,1,0.5,1,1.28,1,1.6,2,2,1,1.3,1,2.4,1,1.1,1,1.68,1.2,1.4,1,1.2,1,2.2,5,0.4,1,0.5,0,1.14,1.6,1.2,1,0.1,0,0.8,0,0.7,0,0.8,1,0.72,0.4,-4,13,294.9,390.3,0
1.8,1,2.8,2,1.7,0,1,2,1.2,1,1.7,1.2,0.9,1,0.1,0,0.9,0,2,1,0.3,0,0.84,0.4,0.3,1,0.7,1,0.7,0,2.6,1,0.8,1,1.02,0.8,0.3,1,2,1,0.6,1,1.9,1,0.3,0,1.02,0.8,-1,9,500.45,106.58,3
1,2,1.2,1,0.7,0,1.2,1,1.1,1,1.04,1,1.3,1,1,1,1.9,1,2.2,3,1.3,1,1.54,1.4,3.5,3,1,2,2.4,1,0.6,1,1.5,2,1.8,1.8,1.3,1,1.3,2,2,1,0.8,1,1.2,0,1.32,1,1,7,113.43,203.43,-3
0.6,2,0.7,1,0.4,0,0.8,1,0.5,0,0.6,0.8,2.8,2,1.7,0,1,2,1.2,1,2,3,1.74,1.6,2.6,3,0.7,1,1.7,3,2.2,3,1.3,1,1.7,2.2,0.7,1,0.7,0,2.6,1,0.8,1,1.2,0,1.2,0.6,2,4,95.83,500.45,-1
2,1,1.3,1,2.4,1,1.1,1,0.2,1,1.4,1,1.2,1,0.4,1,0.4,0,0.9,1,1.2,0,0.82,0.6,0.1,0,0.8,0,0.7,0,0.8,1,1.2,1,0.72,0.4,1.3,2,0.5,0,0.5,0,1.1,1,0.2,0,0.72,0.6,0,13,390.3,107.35,1
0.1,0,0.9,0,2,1,0.3,0,1.2,0,0.9,0.2,1.3,1,0.7,0,0.8,0,0.6,1,1.3,1,0.94,0.6,2,1,0.6,1,1.9,1,0.3,0,2,3,1.36,1.2,1.3,1,1.7,0,1,1,1.2,1,0.5,0,1.14,0.6,-2,8,106.58,95.6,0
1.3,2,2.2,5,1,1,0.8,1,0.6,0,1.18,1.8,2.6,3,2.2,2,1.7,2,2,2,1.8,3,2.06,2.4,1.2,1,0.5,0,0.8,0,1.2,1,1,2,0.94,0.8,0.6,2,0.6,0,0.7,1,1.4,2,1.1,1,0.88,1.2,3,6,340.65,741.85,1
3.5,3,1.3,2,2.6,1,2.6,2,2.1,4,2.42,2.4,3.2,4,0.6,0,1.1,0,0.5,0,1,2,1.28,1.2,1,2,1,1,1,2,2.3,2,0.8,0,1.22,1.4,0.9,0,2.2,2,1.6,1,0.5,1,0.6,0,1.16,0.8,2,7,581.7,501.2,-1
0.7,1,0.8,0,1.7,3,0.3,0,1.1,1,0.92,1,0.7,1,0.4,3,1.6,1,2.3,2,0.8,0,1.16,1.4,0.9,1,1.3,1,0.4,0,0.3,0,1.8,3,0.94,1,2.8,2,0.8,0,1.1,0,2.6,2,0.6,0,1.58,0.8,5,8,93.63,368.13,-1
1.6,2,0.7,1,0.5,0,1.4,2,0.6,0,0.96,1,0.9,0,0.8,0,0.9,1,0.8,1,1.5,2,0.98,0.8,0.7,2,0.7,1,0.4,0,2,2,0.8,0,0.92,1,3.2,4,0.4,3,0.4,0,1.1,1,1.1,1,1.24,1.8,-1,3,175.11,628.73,1
0.7,2,0.6,1,0.4,1,1.1,1,1.2,0,0.8,1,1.2,1,0.5,0,0.7,1,1.1,0,0.8,0,0.86,0.4,1.6,2,0.9,0,1.2,1,0.9,1,1.3,1,1.18,1,1.2,1,0.4,1,1.7,2,1.3,1,2.1,4,1.34,1.8,-2,10,219.28,198.9,2
0.9,1,1,2,0.4,0,1.3,1,0.2,0,0.76,0.8,1.2,1,0.5,0,1.2,1,0.5,1,1.2,1,0.92,0.8,0.7,1,1.2,1,0.9,1,1.1,0,1.2,0,1.02,0.6,1.2,1,2.2,5,0.4,1,0.5,0,0.2,1,0.9,1.6,4,4,175.35,294.9,-2
1,1,1.9,1,2.2,3,1.3,1,1.3,3,1.54,1.8,1,2,0.4,0,1.3,1,0.2,0,0.6,0,0.7,0.6,1.3,2,2,1,0.8,1,1.2,0,0.7,0,1.2,0.8,1.2,1,0.9,1,1.1,0,1.2,0,1.1,2,1.1,0.8,4,4,203.43,175.35,1
0.7,0,0.8,0,0.6,1,1.3,1,1.8,2,1.04,0.8,1.3,2,2.6,1,2.6,2,2.1,4,0.6,0,1.84,1.8,1.7,0,1,1,1.2,1,0.5,0,1.2,2,1.12,0.8,1,1,1,2,2.3,2,0.8,0,1.9,1,1.4,1.2,3,3,95.6,581.7,-2
2.2,2,1.7,2,2,2,1.8,3,0.5,0,1.64,1.8,1.3,1,2.4,1,1.1,1,0.2,1,1.2,1,1.24,1,0.6,0,0.7,1,1.4,2,1.1,1,0.8,1,0.92,1,0.8,0,0.7,0,0.8,1,1.2,1,0.5,0,0.8,0.4,-4,12,741.85,390.3,-1
0.4,3,1.6,1,2.3,2,0.8,0,0.7,2,1.16,1.6,0.9,0,2,1,0.3,0,1.2,0,1.2,2,1.12,0.6,0.8,0,1.1,0,2.6,2,0.6,0,0.3,1,1.08,0.6,0.6,1,1.9,1,0.3,0,2,3,1.8,2,1.32,1.4,1,7,368.13,106.58,1
0.8,0,0.9,1,0.8,1,1.5,2,0.8,0,0.96,0.8,0.7,1,0.4,0,0.8,1,0.5,0,0.9,0,0.66,0.4,0.4,3,0.4,0,1.1,1,1.1,1,0.6,1,0.72,1.2,0.7,1,1.7,3,2.2,3,1.3,1,1.5,1,1.48,1.8,-4,6,628.73,95.83,2
1.7,0,1,2,1.2,1,2,3,1.5,1,1.48,1.4,0.6,1,0.4,1,1.1,1,1.2,0,0.9,2,0.84,1,0.7,0,2.6,1,0.8,1,1.2,0,0.9,0,1.24,0.4,0.9,0,1.2,1,0.9,1,1.3,1,1.1,1,1.08,0.8,4,11,500.45,219.28,2
0.6,0,1.1,0,0.5,0,1,2,1.9,1,1.02,0.6,1.2,1,0.7,0,1.2,1,1.1,1,0.7,0,0.98,0.6,2.2,2,1.6,1,0.5,1,0.6,0,0.6,0,1.1,0.8,1,2,2.4,1,0.6,1,1.5,2,1.3,3,1.36,1.8,-1,8,501.2,113.43,0
0.5,0,0.7,1,1.1,0,0.8,0,1.1,0,0.84,0.2,2.2,5,1,1,0.8,1,0.6,0,0.8,1,1.08,1.6,0.4,1,1.7,2,1.3,1,2.1,4,0.9,2,1.28,2,0.5,0,0.8,0,1.2,1,1,2,0.5,0,0.8,0.6,1,8,198.9,340.65,0
0.5,0,1.2,1,0.5,1,1.2,1,1.1,2,0.9,1,0.7,1,0.5,0,1.4,2,0.6,0,0.6,1,0.76,0.8,2.2,5,0.4,1,0.5,0,0.2,1,0.6,0,0.78,1.4,0.7,1,0.4,0,2,2,0.8,0,0.8,0,0.94,0.6,0,15,294.9,175.11,0
0.4,1,0.4,0,0.9,1,1.2,0,0.5,0,0.68,0.4,0.8,0,1.7,3,0.3,0,1.1,1,0.3,1,0.84,1,0.5,0,0.5,0,1.1,1,0.2,0,1.2,1,0.7,0.4,1.3,1,0.4,0,0.3,0,1.8,3,0.7,2,0.9,1.2,4,11,107.35,93.63,-2
0.4,1,1.1,1,1.2,0,0.9,2,0.8,0,0.88,0.8,0.8,0,0.6,1,1.3,1,1.8,2,1.2,0,1.14,0.8,1.2,1,0.9,1,1.3,1,1.1,1,1.1,2,1.12,1.2,1,1,1.2,1,0.5,0,1.2,2,1.6,2,1.1,1.2,0,2,219.28,95.6,0
0.5,0,1.4,2,0.6,0,0.6,1,0.9,2,0.8,1,1.9,1,2.2,3,1.3,1,1.3,3,1.3,1,1.6,1.8,0.4,0,2,2,0.8,0,0.8,0,1.4,2,1.08,0.8,2,1,0.8,1,1.2,0,0.7,0,1.3,0,1.2,0.4,-1,12,175.11,203.43,-1
1.7,3,0.3,0,1.1,1,0.3,1,1.9,2,1.06,1.4,0.7,1,1.1,0,0.8,0,1.1,0,0.5,0,0.84,0.2,0.4,0,0.3,0,1.8,3,0.7,2,0.3,0,0.7,1,1.7,2,1.3,1,2.1,4,0.9,2,1.6,0,1.52,1.8,0,2,93.63,198.9,-1
0.7,0,1.2,1,1.1,1,0.7,0,1.4,1,1.02,0.6,1,2,1.2,1,2,3,1.5,1,1.1,2,1.36,1.8,2.4,1,0.6,1,1.5,2,1.3,3,2.3,1,1.62,1.6,2.6,1,0.8,1,1.2,0,0.9,0,0.8,0,1.26,0.4,0,3,113.43,500.45,-1
1.7,2,2,2,1.8,3,0.5,0,1.1,0,1.42,1.4,0.4,0,0.9,1,1.2,0,0.5,0,0.3,0,0.66,0.2,0.7,1,1.4,2,1.1,1,0.8,1,1.9,1,1.18,1.2,0.5,0,1.1,1,0.2,0,1.2,1,1.9,2,0.98,0.8,-2,15,741.85,107.35,1
2,1,0.3,0,1.2,0,1.2,2,0.4,1,1.02,0.8,1.2,1,0.5,1,1.2,1,1.1,2,1.4,2,1.08,1.4,1.9,1,0.3,0,2,3,1.8,2,0.8,2,1.36,1.6,0.4,1,0.5,0,0.2,1,0.6,0,0.9,2,0.52,0.8,2,0,106.58,294.9,-1
0.4,0,0.8,1,0.5,0,0.9,0,0.7,0,0.66,0.2,1.1,0,0.5,0,1,2,1.9,1,2.3,1,1.36,0.8,1.7,3,2.2,3,1.3,1,1.5,1,1.4,2,1.62,2,1.6,1,0.5,1,0.6,0,0.6,0,1.4,1,0.94,0.6,0,3,95.83,501.2,-4
2.4,1,1.1,1,0.2,1,1.2,1,1.9,1,1.36,1,1.6,1,2.3,2,0.8,0,0.7,2,0.8,2,1.24,1.4,0.7,0,0.8,1,1.2,1,0.5,0,1.1,0,0.86,0.4,1.1,0,2.6,2,0.6,0,0.3,1,0.4,1,1,0.8,5,13,390.3,368.13,1
1,1,0.8,1,0.6,0,0.8,1,1.6,0,0.96,0.6,0.9,1,0.8,1,1.5,2,0.8,0,1.4,2,1.08,1.2,0.8,0,1.2,1,1,2,0.5,0,0.5,0,0.8,0.6,0.4,0,1.1,1,1.1,1,0.6,1,0.7,0,0.78,0.6,-1,2,340.65,628.73,0
0.4,0,1.3,1,0.2,0,0.6,0,1.3,0,0.76,0.2,2.6,1,2.6,2,2.1,4,0.6,0,1.6,2,1.9,1.8,0.9,1,1.1,0,1.2,0,1.1,2,1.3,1,1.12,0.8,1,2,2.3,2,0.8,0,1.9,1,1.2,0,1.44,1,0,1,175.35,581.7,-1
2.6,2,2.1,4,0.6,0,1.6,2,1,2,1.58,2,0.8,1,0.6,0,0.8,1,1.6,0,0.4,1,0.84,0.6,2.3,2,0.8,0,1.9,1,1.2,0,0.6,1,1.36,0.8,1.2,1,1,2,0.5,0,0.5,0,0.8,1,0.8,0.8,-1,11,581.7,340.65,2
2.2,3,1.3,1,1.3,3,1.3,1,0.8,1,1.38,1.8,0.3,0,1.1,1,0.3,1,1.9,2,1,1,0.92,1,0.8,1,1.2,0,0.7,0,1.3,0,1.8,0,1.16,0.2,0.3,0,1.8,3,0.7,2,0.3,0,1.4,2,0.9,1.4,0,5,203.43,93.63,2
0.5,1,1.2,1,1.1,2,1.4,2,1.8,1,1.2,1.4,0.8,1,1.5,2,0.8,0,1.4,2,0.8,1,1.06,1.2,0.5,0,0.2,1,0.6,0,0.9,2,0.2,0,0.48,0.6,1.1,1,1.1,1,0.6,1,0.7,0,0.4,1,0.78,0.8,0,10,294.9,628.73,0
0.3,0,1.2,0,1.2,2,0.4,1,0.2,0,0.66,0.6,1.4,2,0.6,0,0.6,1,0.9,2,1.8,0,1.06,1,0.3,0,2,3,1.8,2,0.8,2,1.8,1,1.34,1.6,2,2,0.8,0,0.8,0,1.4,2,0.8,1,1.16,1,-1,6,106.58,175.11,1
1.1,0,0.8,0,1.1,0,0.5,0,1.4,2,0.98,0.4,0.8,1,0.5,0,0.9,0,0.7,0,0.8,0,0.74,0.2,1.3,1,2.1,4,0.9,2,1.6,0,1,1,1.38,1.6,2.2,3,1.3,1,1.5,1,1.4,2,2.4,4,1.76,2.2,1,2,198.9,95.83,-1
0.9,1,1.2,0,0.5,0,0.3,0,0.2,0,0.62,0.2,1.2,1,1.1,1,0.7,0,1.4,1,0.3,0,0.94,0.6,1.1,1,0.2,0,1.2,1,1.9,2,1.3,1,1.14,1,0.6,1,1.5,2,1.3,3,2.3,1,0.6,1,1.26,1.6,0,8,107.35,113.43,0
1.1,1,1.2,0,0.9,2,0.8,0,2.1,1,1.22,0.8,2,2,1.8,3,0.5,0,1.1,0,1.3,1,1.34,1.2,0.9,1,1.3,1,1.1,1,1.1,2,0.6,1,1,1.2,1.4,2,1.1,1,0.8,1,1.9,1,0.2,0,1.08,1,4,1,219.28,741.85,-2
1.2,1,2,3,1.5,1,1.1,2,0.6,1,1.28,1.6,1.3,1,0.2,0,0.6,0,1.3,0,0.6,1,0.8,0.4,0.8,1,1.2,0,0.9,0,0.8,0,0.3,0,0.8,0.2,1.1,0,1.2,0,1.1,2,1.3,1,1,2,1.14,1,2,9,500.45,175.35,0
0.6,1,1.3,1,1.8,2,1.2,0,0.6,1,1.1,1,2.3,2,0.8,0,0.7,2,0.8,2,1,0,1.12,1.2,1.2,1,0.5,0,1.2,2,1.6,2,2.1,1,1.32,1.2,2.6,2,0.6,0,0.3,1,0.4,1,0.6,1,0.9,1,6,12,95.6,368.13,1
0.5,0,1,2,1.9,1,2.3,1,2.4,4,1.62,1.6,1.1,1,0.2,1,1.2,1,1.9,1,0.6,1,1,1,0.5,1,0.6,0,0.6,0,1.4,1,0.8,0,0.78,0.4,0.8,1,1.2,1,0.5,0,1.1,0,1,0,0.92,0.4,0,12,501.2,390.3,1
0.2,0,0.6,0,1.3,0,0.6,1,0.6,2,0.66,0.6,1,2,1.9,1,2.3,1,2.4,4,2.3,2,1.98,2,1.2,0,1.1,2,1.3,1,1,2,1.7,2,1.26,1.4,0.6,0,0.6,0,1.4,1,0.8,0,0.8,1,0.84,0.4,1,4,175.35,501.2,-1
0.6,0,0.6,1,0.9,2,1.8,0,0.3,1,0.84,0.8,2,3,1.5,1,1.1,2,0.6,1,1.7,2,1.38,1.8,0.8,0,0.8,0,1.4,2,0.8,1,0.6,2,0.88,1,1.2,0,0.9,0,0.8,0,0.3,0,0.6,2,0.76,0.4,1,7,175.11,500.45,0
0.8,0,0.7,2,0.8,2,1,0,1.1,1,0.88,1,0.6,0,0.8,1,1.6,0,0.4,1,0.6,1,0.8,0.6,0.6,0,0.3,1,0.4,1,0.6,1,2,2,0.78,1,1,2,0.5,0,0.5,0,0.8,1,1.6,3,0.88,1.2,2,10,368.13,340.65,1
1.1,1,0.3,1,1.9,2,1,1,0.9,1,1.04,1.2,1.3,1,1.8,2,1.2,0,0.6,1,2,2,1.38,1.2,1.8,3,0.7,2,0.3,0,1.4,2,2,3,1.24,2,0.5,0,1.2,2,1.6,2,2.1,1,1.1,1,1.3,1.2,2,7,93.63,95.6,3
0.2,1,1.2,1,1.9,1,0.6,1,0.8,1,0.94,1,2.1,4,0.6,0,1.6,2,1,2,1.6,3,1.38,2.2,1.2,1,0.5,0,1.1,0,1,0,2.3,2,1.22,0.6,0.8,0,1.9,1,1.2,0,0.6,1,0.6,1,1.02,0.6,2,7,390.3,581.7,2
1.2,0,0.5,0,0.3,0,0.2,0,0.3,1,0.5,0.2,1.3,1,1.3,3,1.3,1,0.8,1,2,3,1.34,1.8,0.2,0,1.2,1,1.9,2,1.3,1,1.1,1,1.14,1,1.2,0,0.7,0,1.3,0,1.8,0,0.9,1,1.18,0.2,-1,6,107.35,203.43,0
0.5,0,0.9,0,0.7,0,0.8,0,1.5,2,0.88,0.4,1.2,0,1.2,2,0.4,1,0.2,0,0.6,2,0.72,1,1.3,1,1.5,1,1.4,2,2.4,4,1.6,1,1.64,1.8,2,3,1.8,2,0.8,2,1.8,1,0.3,1,1.36,1.8,-1,10,95.83,106.58,-2
1.5,2,0.8,0,1.4,2,0.8,1,0.8,1,1.06,1.2,0.8,0,1.1,0,0.5,0,1.4,2,1.6,1,1.08,0.6,1.1,1,0.6,1,0.7,0,0.4,1,1.7,1,0.9,0.8,2.1,4,0.9,2,1.6,0,1,1,1.5,2,1.26,1.8,1,12,628.73,198.9,2
1.1,1,0.7,0,1.4,1,0.3,0,1.1,1,0.92,0.6,1.2,0,0.9,2,0.8,0,2.1,1,1.5,0,1.3,0.6,1.5,2,1.3,3,2.3,1,0.6,1,0.3,1,1.2,1.6,1.3,1,1.1,1,1.1,2,0.6,1,2.5,2,1.32,1.4,0,7,113.43,219.28,1
1.8,3,0.5,0,1.1,0,1.3,1,2.5,2,1.44,1.2,1.2,1,1.1,2,1.4,2,1.8,1,1.7,1,1.44,1.4,1.1,1,0.8,1,1.9,1,0.2,0,1.5,0,1.1,0.6,0.2,1,0.6,0,0.9,2,0.2,0,0.8,1,0.54,0.8,-1,13,741.85,294.9,0
1.5,1,1.1,2,0.6,1,1.7,2,0.4,0,1.06,1.2,0.3,1,1.9,2,1,1,0.9,1,1.6,3,1.14,1.6,0.9,0,0.8,0,0.3,0,0.6,2,0.4,0,0.6,0.4,0.7,2,0.3,0,1.4,2,2,3,0.5,0,0.98,1.4,0,10,500.45,93.63,2
1.3,3,1.3,1,0.8,1,2,3,0.8,1,1.24,1.8,0.5,0,1.1,0,1.3,1,2.5,2,1.1,2,1.3,1,0.7,0,1.3,0,1.8,0,0.9,1,1.5,1,1.24,0.4,0.8,1,1.9,1,0.2,0,1.5,0,2.1,2,1.3,0.8,0,0,203.43,741.85,-2
0.8,1,1.6,0,0.4,1,0.6,1,2.4,2,1.16,1,0.6,0,1.3,0,0.6,1,0.6,2,1.2,2,0.86,1,0.5,0,0.5,0,0.8,1,1.6,3,1.8,3,1.04,1.4,1.1,2,1.3,1,1,2,1.7,2,2,3,1.42,2,-1,3,340.65,175.35,-2
0.6,0,1.6,2,1,2,1.6,3,1.4,1,1.24,1.6,0.9,0,0.7,0,0.8,0,1.5,2,1.1,1,1,0.6,1.9,1,1.2,0,0.6,1,0.6,1,1,3,1.06,1.2,1.5,1,1.4,2,2.4,4,1.6,1,1.3,3,1.64,2.2,0,12,581.7,95.83,2
1.1,0,0.5,0,1.4,2,1.6,1,0.3,0,0.98,0.6,0.7,2,0.8,2,1,0,1.1,1,1.8,3,1.08,1.6,0.9,2,1.6,0,1,1,1.5,2,1.8,2,1.36,1.4,0.3,1,0.4,1,0.6,1,2,2,2.4,2,1.14,1.4,0,6,198.9,368.13,-1
1.1,2,1.4,2,1.8,1,1.7,1,2.1,2,1.62,1.6,0.7,0,1.4,1,0.3,0,1.1,1,0.8,1,0.86,0.6,0.6,0,0.9,2,0.2,0,0.8,1,1.1,2,0.72,1,1.3,3,2.3,1,0.6,1,0.3,1,0.5,0,1,1.2,0,8,294.9,113.43,-1
0.9,2,0.8,0,2.1,1,1.5,0,0.5,0,1.16,0.6,1.2,1,1.9,1,0.6,1,0.8,1,1,3,1.1,1.4,1.1,1,1.1,2,0.6,1,2.5,2,0.8,1,1.22,1.4,0.5,0,1.1,0,1,0,2.3,2,1.4,1,1.26,0.6,0,4,219.28,390.3,-2
1.8,2,1.2,0,0.6,1,2,2,0.5,0,1.22,1,0.8,0,1.4,2,0.8,1,0.8,1,1.8,2,1.12,1.2,1.2,2,1.6,2,2.1,1,1.1,1,1.6,3,1.52,1.8,0.6,1,0.7,0,0.4,1,1.7,1,0.3,0,0.74,0.6,0,2,95.6,628.73,-1
1.9,1,2.3,1,2.4,4,2.3,2,2,3,2.18,2.2,0.6,1,0.9,2,1.8,0,0.3,1,0.4,0,0.8,0.8,0.6,0,1.4,1,0.8,0,0.8,1,1.2,2,0.96,0.8,0.8,0,1.4,2,0.8,1,0.6,2,0.4,0,0.8,1,1,12,501.2,175.11,-1
1.2,2,0.4,1,0.2,0,0.6,2,1.3,3,0.74,1.6,0.5,0,0.3,0,0.2,0,0.3,1,1.5,1,0.56,0.4,1.8,2,0.8,2,1.8,1,0.3,1,1.1,1,1.16,1.4,1.2,1,1.9,2,1.3,1,1.1,1,0.8,1,1.26,1.2,0,6,106.58,107.35,-1
1.6,1,0.2,0,1.6,2,2,2,1.9,2,1.46,1.4,1.8,2,1,1,0.7,0,0.9,0,1.4,1,1.16,0.8,0.8,2,1.5,0,1,1,0.7,0,1.6,3,1.12,1.2,1.4,2,0.9,2,0.9,0,1.9,2,1,0,1.22,1.2,0,4,92.35,183.9,1
0.8,1,0.4,0,1.1,0,0.5,0,0.5,1,0.66,0.4,0.8,1,1,1,0,0,1.1,0,0.6,0,0.7,0.4,0.7,0,2.1,3,0.2,0,4.7,7,1.8,3,1.9,2.6,1.6,0,1.6,2,0.6,0,2.3,2,1.2,1,1.46,1,2,6,81.45,345.05,0
1.7,1,0.6,1,0,0,0.9,3,0.3,1,0.7,1.2,1.4,2,0.9,1,0.8,1,0.7,0,1.4,2,1.04,1.2,1,1,0.6,0,2.4,4,1.7,2,1.6,3,1.46,2,1.8,2,1.5,2,2.5,1,2,2,1.7,3,1.9,2,-1,8,113.28,117.3,1
1,1,0.9,1,0.1,0,1.1,1,0.1,0,0.64,0.6,1.6,1,0.7,0,2.4,4,1.9,2,1.3,1,1.58,1.6,3.2,2,1.3,3,1.4,1,0.5,1,3.1,3,1.9,2,1.4,1,1.2,3,0,0,0.9,0,1.9,4,1.08,1.6,3,6,215.55,153.1,2
0.6,1,2.1,3,2.5,1,2.4,2,2.3,2,1.98,1.8,0.7,0,1.6,0,0.6,0,1.6,2,1.6,3,1.22,1,1,1,0.4,0,0.8,1,0.6,0,1.1,0,0.78,0.4,0.8,1,0.8,1,2.3,0,1.3,1,1.9,2,1.42,1,-3,15,1350,116.98,3
0.8,1,0.5,0,0.6,0,1,0,0.6,1,0.7,0.4,1.5,2,0.2,0,0.3,0,0.1,0,0.9,0,0.6,0.4,0.3,1,0.2,0,0,0,1.4,1,2.6,2,0.9,0.8,0.9,1,1.1,0,1,1,2.1,2,1.3,2,1.28,1.2,1,10,87.7,47.98,0
1,1,1.4,1,0.3,0,1.7,3,1.3,2,1.14,1.4,0.8,2,1.3,3,2.7,3,1.7,2,1.8,3,1.66,2.6,1.8,2,0.1,0,1.7,1,1.4,2,0.9,0,1.18,1,1.6,1,0.9,1,3.6,4,0.9,3,0.5,1,1.5,2,-4,7,375.35,130.9,2
0.8,2,0.9,2,3.6,4,0.5,1,1.8,2,1.52,2.2,3.2,2,1.8,2,1.4,2,4.7,7,1.9,4,2.6,3.4,1.1,2,1,1,2.7,3,1.1,1,0.3,1,1.24,1.6,1,1,1,1,0.4,1,0.5,0,1.3,1,0.84,0.8,5,0,264.25,1080,-4
1.1,2,0.2,0,0.4,1,1.3,1,1.6,3,0.92,1.4,1.1,2,1.2,3,2.3,0,1.7,1,3.1,3,1.88,1.8,1.1,1,0.5,0,1.4,2,1.6,2,0.3,1,0.98,1.2,0.8,2,0.7,0,0.6,0,0.3,1,0.1,0,0.5,0.6,3,1,68,542.5,0
1.4,1,1.5,0,2.4,2,2.1,2,2.6,2,2,1.4,0.6,0,0.9,0,1,1,0.3,1,1.2,1,0.8,0.6,1.6,1,0.2,0,0.6,0,0.1,0,0.6,1,0.62,0.4,0.6,1,0.7,0,0.3,0,1.8,2,0.6,0,0.8,0.6,-1,13,291.7,84.88,-1
1,1,0.7,0,0.9,0,1.4,1,0.5,1,0.9,0.6,0.4,0,1.1,0,0.5,0,0.5,1,1,0,0.7,0.2,0.9,2,0.9,0,1.9,2,1,0,1.1,2,1.16,1.2,2.1,3,0.2,0,4.7,7,1.8,3,1.4,0,2.04,2.6,1,9,183.9,81.45,1
0.9,1,0.1,0,1.1,1,0.1,0,0.4,2,0.52,0.8,0.6,1,0,0,0.9,3,0.3,1,1.9,2,0.74,1.4,1.3,3,1.4,1,0.5,1,3.1,3,0.4,0,1.34,1.6,0.6,0,2.4,4,1.7,2,1.6,3,0.8,1,1.42,2,0,7,215.55,113.28,0
2.1,3,2.5,1,2.4,2,2.3,2,4.4,4,2.74,2.4,0.2,0,1.6,2,2,2,1.9,2,1.1,2,1.36,1.6,0.4,0,0.8,1,0.6,0,1.1,0,0.3,1,0.64,0.4,1.5,0,1,1,0.7,0,1.6,3,0.5,1,1.06,1,-1,12,1350,92.35,1
0.7,0,2.4,4,1.9,2,1.3,1,0.4,0,1.34,1.4,0.2,0,0.4,1,1.3,1,1.6,3,1.7,1,1.04,1.2,1.2,3,0,0,0.9,0,1.9,4,0.4,2,0.88,1.8,0.5,0,1.4,2,1.6,2,0.3,1,0.5,1,0.86,1.2,1,7,153.1,68,0
1.8,2,1.4,2,4.7,7,1.9,4,3.9,5,2.74,4,0.5,0,0.6,0,1,0,0.6,1,1.5,1,0.84,0.4,1,1,0.4,1,0.5,0,1.3,1,2.2,1,1.08,0.8,0.2,0,0,0,1.4,1,2.6,2,0.6,1,0.96,0.8,0,15,1080,87.7,1
0.9,1,0.8,1,0.7,0,1.4,2,0.8,1,0.92,1,1.5,0,2.4,2,2.1,2,2.6,2,1,1,1.92,1.4,1.5,2,2.5,1,2,2,1.7,3,1.9,2,1.92,2,0.2,0,0.6,0,0.1,0,0.6,1,1,2,0.5,0.6,2,10,117.3,291.7,0
1.6,0,0.6,0,1.6,2,1.6,3,0.3,1,1.14,1.2,0.9,2,3.6,4,0.5,1,1.8,2,2.2,1,1.8,2,0.8,1,2.3,0,1.3,1,1.9,2,4.4,4,2.14,1.6,1,1,2.7,3,1.1,1,0.3,1,3.9,5,1.8,2.2,1,7,116.98,264.25,-1
1.3,3,2.7,3,1.7,2,1.8,3,1.3,1,1.76,2.4,1.2,3,2.3,0,1.7,1,3.1,3,0.5,1,1.76,1.6,0.9,1,3.6,4,0.9,3,0.5,1,0.7,3,1.32,2.4,0.7,0,0.6,0,0.3,1,0.1,0,1.7,1,0.68,0.4,0,1,130.9,542.5,-1
1.1,0,0.5,0,0.5,1,1,0,0.7,1,0.76,0.4,0.9,0,1,1,0.3,1,1.2,1,1,2,0.88,1,0.2,0,4.7,7,1.8,3,1.4,0,2.1,2,2.04,2.4,0.7,0,0.3,0,1.8,2,0.6,0,1,1,0.88,0.6,-1,11,81.45,84.88,-1
0.6,0,1,0,0.6,1,1.5,1,0.7,0,0.88,0.4,1.6,2,2,2,1.9,2,1.1,2,0.9,2,1.5,2,0,0,1.4,1,2.6,2,0.6,1,1.9,1,1.3,1,1,1,0.7,0,1.6,3,0.5,1,1.3,3,1.02,1.6,-1,9,87.7,92.35,2
0.4,1,1.3,1,1.6,3,1.7,1,0.5,0,1.1,1.2,0.2,0,0.3,0,0.1,0,0.9,0,0.6,1,0.42,0.2,1.4,2,1.6,2,0.3,1,0.5,1,2,0,1.16,1.2,1.1,0,1,1,2.1,2,1.3,2,1.5,1,1.4,1.2,-3,4,68,47.98,0
1,1,0,0,1.1,0,0.6,0,1.4,0,0.82,0.2,0.1,0,1.1,1,0.1,0,0.4,2,0.7,0,0.48,0.6,1.6,2,0.6,0,2.3,2,1.2,1,1,0,1.34,1,1.4,1,0.5,1,3.1,3,0.4,0,0.5,0,1.18,1,-1,8,345.05,215.55,3
0,0,0.9,3,0.3,1,1.9,2,0.5,0,0.72,1.2,1.4,2,4.7,7,1.9,4,3.9,5,1.9,1,2.76,3.8,2.4,4,1.7,2,1.6,3,0.8,1,0.7,0,1.44,2,0.4,1,0.5,0,1.3,1,2.2,1,0.7,0,1.02,0.6,1,2,113.28,1080,2
2.7,3,1.7,2,1.8,3,1.3,1,1.5,0,1.8,1.8,2.4,4,1.9,2,1.3,1,0.4,0,2,0,1.6,1.4,3.6,4,0.9,3,0.5,1,0.7,3,0.6,1,1.26,2.4,0,0,0.9,0,1.9,4,0.4,2,0.5,0,0.74,1.2,-1,8,130.9,153.1,0
1.4,1,0.3,0,1.7,3,1.3,2,0.7,3,1.08,1.8,0.7,0,0.9,0,1.4,1,0.5,1,2.1,2,1.12,0.8,0.1,0,1.7,1,1.4,2,0.9,0,1.3,1,1.08,0.8,0.9,0,1.9,2,1,0,1.1,2,0.7,1,1.12,1,-2,6,375.35,183.9,0
2.4,2,2.1,2,2.6,2,1,1,1.9,1,2,1.6,0.6,0,1.6,2,1.6,3,0.3,1,0.4,1,0.9,1.4,0.6,0,0.1,0,0.6,1,1,2,1,1,0.66,0.8,2.3,0,1.3,1,1.9,2,4.4,4,1.6,2,2.3,1.8,0,11,291.7,116.98,1
2.3,0,1.7,1,3.1,3,0.5,1,0.6,1,1.64,1.2,2.5,1,2.4,2,2.3,2,4.4,4,1.3,3,2.58,2.4,0.6,0,0.3,1,0.1,0,1.7,1,1.5,0,0.84,0.4,0.8,1,0.6,0,1.1,0,0.3,1,0.9,2,0.74,0.8,-2,10,542.5,1350,0
3.6,4,0.5,1,1.8,2,2.2,1,1.6,2,1.94,2,0.8,1,0.7,0,1.4,2,0.8,1,1,1,0.94,1,2.7,3,1.1,1,0.3,1,3.9,5,0.4,1,1.68,2.2,2.5,1,2,2,1.7,3,1.9,2,1.9,1,2,1.8,0,7,264.25,117.3,2
0.3,0,0.1,0,0.9,0,0.6,1,0.9,1,0.56,0.4,1.1,1,0.1,0,0.4,2,0.7,0,0.8,0,0.62,0.6,1,1,2.1,2,1.3,2,1.5,1,0.9,1,1.36,1.4,0.5,1,3.1,3,0.4,0,0.5,0,3.4,3,1.58,1.4,0,4,47.98,215.55,0
1.6,2,1.6,3,0.3,1,0.4,1,0.5,0,0.88,1.4,1,1,0.3,1,1.2,1,1,2,2.2,2,1.14,1.4,1.3,1,1.9,2,4.4,4,1.6,2,2.1,1,2.26,2,0.3,0,1.8,2,0.6,0,1,1,1.2,1,0.98,0.8,-2,13,116.98,84.88,1
1,0,0.6,1,1.5,1,0.7,0,2.1,2,1.18,0.8,0.9,3,0.3,1,1.9,2,0.5,0,2.2,4,1.16,2,1.4,1,2.6,2,0.6,1,1.9,1,0.5,0,1.4,1,1.7,2,1.6,3,0.8,1,0.7,0,0.8,2,1.12,1.6,0,13,87.7,113.28,0
0.7,0,1.4,2,0.8,1,1,1,0.9,1,0.96,1,1.7,2,1.8,3,1.3,1,1.5,0,0.5,1,1.36,1.4,2,2,1.7,3,1.9,2,1.9,1,2.8,3,2.06,2.2,0.9,3,0.5,1,0.7,3,0.6,1,0.8,1,0.7,1.8,-1,10,117.3,130.9,-1
0.5,0,0.5,1,1,0,0.7,1,1.2,1,0.78,0.6,1.3,1,1.6,3,1.7,1,0.5,0,0.9,1,1.2,1.2,4.7,7,1.8,3,1.4,0,2.1,2,2.2,2,2.44,2.8,1.6,2,0.3,1,0.5,1,2,0,0.9,1,1.06,1,1,9,81.45,68,-1
2.4,2,2.3,2,4.4,4,1.3,3,0.8,1,2.24,2.4,0.5,1,1.8,2,2.2,1,1.6,2,2.8,3,1.78,1.8,0.6,0,1.1,0,0.3,1,0.9,2,1.3,1,0.84,0.8,1.1,1,0.3,1,3.9,5,0.4,1,0.9,1,1.32,1.8,-2,10,1350,264.25,2
1.9,2,1.3,1,0.4,0,2,0,0.8,1,1.28,0.8,0.3,0,1.7,3,1.3,2,0.7,3,2,1,1.2,1.8,0.9,0,1.9,4,0.4,2,0.5,0,0.5,1,0.84,1.4,1.7,1,1.4,2,0.9,0,1.3,1,1.1,1,1.28,1,1,7,153.1,375.35,1
2,2,1.9,2,1.1,2,0.9,2,0.5,0,1.28,1.6,4.7,7,1.9,4,3.9,5,1.9,1,0.8,2,2.64,3.8,0.7,0,1.6,3,0.5,1,1.3,3,2.1,2,1.24,1.8,0.5,0,1.3,1,2.2,1,0.7,0,2.2,4,1.38,1.2,3,1,92.35,1080,-3
0.9,0,1.4,1,0.5,1,2.1,2,1.1,1,1.2,1,2.1,2,2.6,2,1,1,1.9,1,2.1,1,1.94,1.4,1.9,2,1,0,1.1,2,0.7,1,2,1,1.34,1.2,0.1,0,0.6,1,1,2,1,1,0.5,1,0.64,1,4,11,183.9,291.7,1
0,0,1.1,0,0.6,0,1.4,0,3.4,3,1.3,0.6,1.7,1,3.1,3,0.5,1,0.6,1,1.3,1,1.44,1.4,0.6,0,2.3,2,1.2,1,1,0,0.8,0,1.18,0.6,0.3,1,0.1,0,1.7,1,1.5,0,0.8,1,0.88,0.6,-1,4,345.05,542.5,0
1.9,2,1.1,2,0.9,2,0.5,0,0.7,0,1.02,1.2,0.5,1,1,0,0.7,1,1.2,1,2,1,1.08,0.8,1.6,3,0.5,1,1.3,3,2.1,2,2.7,3,1.64,2.4,1.8,3,1.4,0,2.1,2,2.2,2,1.5,2,1.8,1.8,-1,13,92.35,81.45,-1
1.7,3,1.3,2,0.7,3,2,1,3.1,1,1.76,2,1.6,3,0.3,1,0.4,1,0.5,0,0.9,2,0.74,1.4,1.4,2,0.9,0,1.3,1,1.1,1,1.9,2,1.32,1.2,1.9,2,4.4,4,1.6,2,2.1,1,1.6,1,2.32,2,-1,10,375.35,116.98,3
0.3,1,1.9,2,0.5,0,2.2,4,0.3,1,1.04,1.6,2.6,2,1,1,1.9,1,2.1,1,0.6,0,1.64,1,1.6,3,0.8,1,0.7,0,0.8,2,0.8,1,0.94,1.4,0.6,1,1,2,1,1,0.5,1,1.4,1,0.9,1.2,1,4,113.28,291.7,-1
1.3,1,0.4,0,2,0,0.8,1,1.9,2,1.28,0.8,1.1,0,0.6,0,1.4,0,3.4,3,1,1,1.5,0.8,1.9,4,0.4,2,0.5,0,0.5,1,3.1,1,1.28,1.6,2.3,2,1.2,1,1,0,0.8,0,0.5,1,1.16,0.8,0,6,153.1,345.05,-1
1.8,3,1.3,1,1.5,0,0.5,1,0.8,1,1.18,1.2,2.3,2,4.4,4,1.3,3,0.8,1,0.5,2,1.86,2.4,0.5,1,0.7,3,0.6,1,0.8,1,1.3,0,0.78,1.2,1.1,0,0.3,1,0.9,2,1.3,1,1.1,0,0.94,0.8,0,0,130.9,1350,-1
0.3,1,1.2,1,1,2,2.2,2,1.6,1,1.26,1.4,1.6,3,1.7,1,0.5,0,0.9,1,1.5,2,1.24,1.4,1.8,2,0.6,0,1,1,1.2,1,0.9,2,1.1,1.2,0.3,1,0.5,1,2,0,0.9,1,2,1,1.14,0.8,0,12,84.88,68,1
3.1,3,0.5,1,0.6,1,1.3,1,0.5,1,1.2,1.4,0.1,0,0.9,0,0.6,1,0.9,1,0.8,0,0.66,0.4,0.1,0,1.7,1,1.5,0,0.8,1,1,1,1.02,0.6,2.1,2,1.3,2,1.5,1,0.9,1,0.5,0,1.26,1.2,-2,10,542.5,47.98,2
1.8,2,2.2,1,1.6,2,2.8,3,1.1,0,1.9,1.6,0.6,1,1.5,1,0.7,0,2.1,2,0.8,1,1.14,1,0.3,1,3.9,5,0.4,1,0.9,1,0.5,2,1.2,2,2.6,2,0.6,1,1.9,1,0.5,0,0.3,1,1.18,1,0,13,264.25,87.7,0
1.9,4,3.9,5,1.9,1,0.8,2,2.7,3,2.24,3,1.4,1,0.5,1,2.1,2,1.1,1,1.4,1,1.3,1.2,1.3,1,2.2,1,0.7,0,2.2,4,0.7,0,1.42,1.2,1,0,1.1,2,0.7,1,2,1,0.6,0,1.08,0.8,0,13,1080,183.9,4
0.1,0,0.4,2,0.7,0,0.8,0,0.5,0,0.5,0.4,1.4,2,0.8,1,1,1,0.9,1,1.3,0,1.08,1,3.1,3,0.4,0,0.5,0,3.4,3,0.8,0,1.64,1.2,1.7,3,1.9,2,1.9,1,2.8,3,0.8,1,1.82,2,1,10,215.55,117.3,-1
0.3,1,0.4,1,0.5,0,0.9,2,0.2,1,0.46,1,0.5,1,2.1,2,1.1,1,1.4,1,1,1,1.22,1.2,4.4,4,1.6,2,2.1,1,1.6,1,1.3,4,2.2,2.4,1.1,2,0.7,1,2,1,0.6,0,3.8,5,1.64,1.8,1,1,116.98,183.9,-2
1,0,0.7,1,1.2,1,2,1,2.4,3,1.46,1.2,2.2,1,1.6,2,2.8,3,1.1,0,0.9,1,1.72,1.4,1.4,0,2.1,2,2.2,2,1.5,2,0.5,2,1.54,1.6,3.9,5,0.4,1,0.9,1,0.5,2,1.9,1,1.52,2,2,5,81.45,264.25,-1
1.7,1,0.5,0,0.9,1,1.5,2,0.6,0,1.04,0.8,1.1,2,0.9,2,0.5,0,0.7,0,0.5,2,0.74,1.2,0.5,1,2,0,0.9,1,2,1,2,1,1.48,0.8,0.5,1,1.3,3,2.1,2,2.7,3,2.4,3,1.8,2.4,-2,9,68,92.35,1
0.8,1,1,1,0.9,1,1.3,0,1.2,3,1.04,1.2,0.4,0,2,0,0.8,1,1.9,2,0.4,0,1.1,0.6,1.9,2,1.9,1,2.8,3,0.8,1,1.6,2,1.8,1.8,0.4,2,0.5,0,0.5,1,3.1,1,1.7,1,1.24,1,1,1,117.3,153.1,1
4.4,4,1.3,3,0.8,1,0.5,2,0.7,2,1.54,2.4,3.9,5,1.9,1,0.8,2,2.7,3,3.8,5,2.62,3.2,0.3,1,0.9,2,1.3,1,1.1,0,1.8,1,1.08,1,2.2,1,0.7,0,2.2,4,0.7,0,1,1,1.36,1.2,1,6,1350,1080,-4
0.9,0,0.6,1,0.9,1,0.8,0,0.3,1,0.7,0.6,1.3,1,1.5,0,0.5,1,0.8,1,1.8,1,1.18,0.8,1.3,2,1.5,1,0.9,1,0.5,0,4.4,3,1.72,1.4,0.7,3,0.6,1,0.8,1,1.3,0,0.7,2,0.82,1.4,-1,7,47.98,130.9,3
1.5,1,0.7,0,2.1,2,0.8,1,1.9,1,1.4,1,0.4,2,0.7,0,0.8,0,0.5,0,1.6,2,0.8,0.8,0.6,1,1.9,1,0.5,0,0.3,1,0.9,1,0.84,0.8,0.4,0,0.5,0,3.4,3,0.8,0,1.2,3,1.26,1.2,1,13,87.7,215.55,0
1,1,1.9,1,2.1,1,0.6,0,2.1,2,1.54,1,0.5,1,0.6,1,1.3,1,0.5,1,4.4,3,1.46,1.4,1,2,1,1,0.5,1,1.4,1,2,1,1.18,1.2,1.7,1,1.5,0,0.8,1,1,1,0.3,1,1.06,0.8,-1,2,291.7,542.5,1
0.6,0,1.4,0,3.4,3,1,1,1.7,1,1.62,1,1.9,2,0.5,0,2.2,4,0.3,1,2,1,1.38,1.6,1.2,1,1,0,0.8,0,0.5,1,0.4,0,0.78,0.4,0.8,1,0.7,0,0.8,2,0.8,1,2.1,2,1.04,1.2,-5,9,345.05,113.28,-2
1.2,1,1,2,2.2,2,1.6,1,2,1,1.6,1.4,1.3,2,0.7,3,2,1,3.1,1,1.3,4,1.68,2.2,0.6,0,1,1,1.2,1,0.9,2,0.6,0,0.86,0.8,0.9,0,1.3,1,1.1,1,1.9,2,0.2,1,1.08,1,4,6,84.88,375.35,0
0.9,2,0.5,0,0.7,0,0.5,2,0.9,0,0.7,0.8,1,2,2.2,2,1.6,1,2,1,0.5,0,1.46,1.2,1.3,3,2.1,2,2.7,3,2.4,3,1.9,1,2.08,2.4,1,1,1.2,1,0.9,2,0.6,0,0.6,0,0.86,0.8,-1,10,92.35,84.88,1
0.5,0,2.2,4,0.3,1,2,1,1,2,1.2,1.6,0.7,1,1.2,1,2,1,2.4,3,0.9,1,1.44,1.4,0.7,0,0.8,2,0.8,1,2.1,2,1.6,0,1.2,1,2.1,2,2.2,2,1.5,2,0.5,2,2,2,1.66,2,2,11,113.28,81.45,1
2,0,0.8,1,1.9,2,0.4,0,0.6,0,1.14,0.6,0.6,1,0.9,1,0.8,0,0.3,1,1.6,3,0.84,1.2,0.5,0,0.5,1,3.1,1,1.7,1,0.9,1,1.34,0.8,1.5,1,0.9,1,0.5,0,4.4,3,0.9,0,1.64,1,0,8,153.1,47.98,1
0.6,1,1.3,1,0.5,1,4.4,3,0.5,0,1.46,1.2,1,1,0.9,1,1.3,0,1.2,3,0.9,1,1.06,1.2,1.5,0,0.8,1,1,1,0.3,1,1.9,1,1.1,0.8,1.9,1,2.8,3,0.8,1,1.6,2,0.6,0,1.54,1.4,0,12,542.5,117.3,2
1.9,1,0.8,2,2.7,3,3.8,5,2.6,4,2.36,3,0.4,1,0.5,0,0.9,2,0.2,1,1.2,0,0.64,0.8,0.7,0,2.2,4,0.7,0,1,1,1.5,0,1.22,1,1.6,2,2.1,1,1.6,1,1.3,4,0.8,2,1.48,2,5,13,1080,116.98,2
2.1,2,1.1,1,1.4,1,1,1,0.8,2,1.28,1.4,1.4,0,3.4,3,1,1,1.7,1,1.6,0,1.82,1,0.7,1,2,1,0.6,0,3.8,5,1.2,0,1.66,1.4,1,0,0.8,0,0.5,1,0.4,0,1,2,0.74,0.6,-3,10,183.9,345.05,-2
0.7,3,2,1,3.1,1,1.3,4,0.6,0,1.54,1.8,1.9,1,2.1,1,0.6,0,2.1,2,1.9,1,1.72,1,1.3,1,1.1,1,1.9,2,0.2,1,0.5,0,1,1,1,1,0.5,1,1.4,1,2,1,0.5,0,1.08,0.8,3,12,375.35,291.7,0
1.5,0,0.5,1,0.8,1,1.8,1,0.9,0,1.1,0.6,0.7,0,2.1,2,0.8,1,1.9,1,2.2,1,1.54,1,0.6,1,0.8,1,1.3,0,0.7,2,1.6,3,1,1.4,1.9,1,0.5,0,0.3,1,0.9,1,0.7,1,0.86,0.8,-3,5,130.9,87.7,1
0.5,0,0.9,1,1.5,2,0.6,0,1.9,1,1.08,0.8,0.9,1,1.3,0,1.2,3,0.9,1,0,0,0.86,1,2,0,0.9,1,2,1,2,1,0.9,0,1.56,0.6,2.8,3,0.8,1,1.6,2,0.6,0,1.6,2,1.48,1.6,5,10,68,117.3,-2
1.3,3,0.8,1,0.5,2,0.7,2,1.5,0,0.96,1.6,2.2,4,0.3,1,2,1,1,2,2.2,1,1.54,1.8,0.9,2,1.3,1,1.1,0,1.8,1,2.6,4,1.54,1.6,0.8,2,0.8,1,2.1,2,1.6,0,0.2,0,1.1,1,0,11,1350,113.28,4
1.6,2,2.8,3,1.1,0,0.9,1,2,2,1.68,1.6,0.5,0,0.7,0,0.5,2,0.9,0,1.1,1,0.74,0.6,0.4,1,0.9,1,0.5,2,1.9,1,0.9,1,0.92,1.2,2.1,2,2.7,3,2.4,3,1.9,1,0.5,0,1.92,1.8,3,10,264.25,92.35,3
0.9,1,0.8,0,0.3,1,1.6,3,0.4,3,0.8,1.6,1.1,1,1.4,1,1,1,0.8,2,1.1,0,1.08,1,0.9,1,0.5,0,4.4,3,0.9,0,2,4,1.74,1.6,2,1,0.6,0,3.8,5,1.2,0,1.4,2,1.8,1.6,1,5,47.98,183.9,1
2.1,1,0.6,0,2.1,2,1.9,1,0.9,1,1.52,1,0.5,1,0.8,1,1.8,1,0.9,0,1.9,1,1.18,0.8,0.5,1,1.4,1,2,1,0.5,0,4,1,1.68,0.8,0.8,1,1.3,0,0.7,2,1.6,3,0.5,0,0.98,1.2,-3,9,291.7,130.9,0
2.2,2,1.6,1,2,1,0.5,0,0.5,0,1.36,0.8,1.3,1,0.5,1,4.4,3,0.5,0,1.6,2,1.66,1.4,1.2,1,0.9,2,0.6,0,0.6,0,1.1,1,0.88,0.8,0.8,1,1,1,0.3,1,1.9,1,0,0,0.8,0.8,5,7,84.88,542.5,-1
1.2,1,2,1,2.4,3,0.9,1,0.2,0,1.34,1.2,2,1,3.1,1,1.3,4,0.6,0,4,1,2.2,1.4,2.2,2,1.5,2,0.5,2,2,2,2.2,1,1.68,1.8,1.1,1,1.9,2,0.2,1,0.5,0,0.9,1,0.92,1,5,6,81.45,375.35,0
2.1,2,0.8,1,1.9,1,2.2,1,0.5,0,1.5,1,0.8,1,1.9,2,0.4,0,0.6,0,2,4,1.14,1.4,0.5,0,0.3,1,0.9,1,0.7,1,1.9,1,0.86,0.8,0.5,1,3.1,1,1.7,1,0.9,1,0.4,3,1.32,1.4,1,11,87.7,153.1,-1
3.4,3,1,1,1.7,1,1.6,0,1.4,2,1.82,1.4,0.8,2,2.7,3,3.8,5,2.6,4,1.8,3,2.34,3.4,0.8,0,0.5,1,0.4,0,1,2,1.1,0,0.76,0.6,2.2,4,0.7,0,1,1,1.5,0,0.9,1,1.26,1.2,-1,0,345.05,1080,1
0.8,1,1.9,1,2.2,1,0.5,0,0.6,0,1.2,0.6,2,1,2.4,3,0.9,1,0.2,0,0.6,1,1.22,1.2,0.3,1,0.9,1,0.7,1,1.9,1,0.2,1,0.8,1,1.5,2,0.5,2,2,2,2.2,1,1.2,1,1.48,1.6,0,7,87.7,81.45,2
0.7,0,0.8,0,0.5,0,1.6,2,0.7,1,0.86,0.6,0.6,0,2.1,2,1.9,1,0.9,1,1.6,2,1.42,1.2,0.5,0,3.4,3,0.8,0,1.2,3,2.2,1,1.62,1.4,1.4,1,2,1,0.5,0,4,1,1.2,2,1.82,1,14,6,215.55,291.7,2
0.5,1,4.4,3,0.5,0,1.6,2,0.6,1,1.52,1.4,0.7,0,0.5,2,0.9,0,1.1,1,0.5,0,0.74,0.6,1,1,0.3,1,1.9,1,0,0,0.6,0,0.76,0.6,2.7,3,2.4,3,1.9,1,0.5,0,1.5,3,1.8,2,-1,15,542.5,92.35,1
1.3,0,1.2,3,0.9,1,0,0,1.1,3,0.9,1.4,1.6,1,2,1,0.5,0,0.5,0,0.6,0,1.04,0.4,0.8,1,1.6,2,0.6,0,1.6,2,2.4,1,1.4,1.2,0.9,2,0.6,0,0.6,0,1.1,1,0.6,1,0.76,0.8,2,6,117.3,84.88,-1
1.9,2,0.4,0,0.6,0,2,4,0.2,1,1.02,1.4,0.5,0,0.9,2,0.2,1,1.2,0,0.9,1,0.74,0.8,3.1,1,1.7,1,0.9,1,0.4,3,0.6,0,1.34,1.2,2.1,1,1.6,1,1.3,4,0.8,2,1.8,3,1.52,2.2,-7,9,153.1,116.98,3
0.8,1,1.8,1,0.9,0,1.9,1,1.2,2,1.32,1,2.7,3,3.8,5,2.6,4,1.8,3,0.7,0,2.32,3,1.3,0,0.7,2,1.6,3,0.5,0,1.6,2,1.14,1.4,0.7,0,1,1,1.5,0,0.9,1,2,1,1.22,0.6,0,5,130.9,1080,0
0.3,1,2,1,1,2,2.2,1,0.1,0,1.12,1,2.8,3,1.1,0,0.9,1,2,2,1.5,3,1.66,1.8,0.8,1,2.1,2,1.6,0,0.2,0,3.1,4,1.56,1.4,0.9,1,0.5,2,1.9,1,0.9,1,0.5,0,0.94,1,0,7,113.28,264.25,0
1.4,1,1,1,0.8,2,1.1,0,0.6,0,0.98,0.8,0.9,1,1.5,2,0.6,0,1.9,1,2.4,1,1.46,1,0.6,0,3.8,5,1.2,0,1.4,2,1.1,1,1.62,1.6,0.9,1,2,1,2,1,0.9,0,1.1,3,1.38,1.2,-1,10,183.9,68,1
0.8,0,0.3,1,1.6,3,0.4,3,1.1,1,0.84,1.6,0.8,1,0.5,2,0.7,2,1.5,0,3.1,4,1.32,1.8,0.5,0,4.4,3,0.9,0,2,4,0.6,0,1.68,1.4,1.3,1,1.1,0,1.8,1,2.6,4,0.1,0,1.38,1.2,0,5,47.98,1350,-3
3.1,1,1.3,4,0.6,0,4,1,1.2,1,2.04,1.4,1,1,1.7,1,1.6,0,1.4,2,2,1,1.54,1,1.9,2,0.2,1,0.5,0,0.9,1,0.6,1,0.82,1,0.5,1,0.4,0,1,2,1.1,0,0.7,0,0.74,0.6,11,12,375.35,345.05,1
